K,k,size,accuracy,precision,recall,f1
10.0,1.0,3000.0,0.7766666666666666,0.7861782170101137,0.7766666666666666,0.7761063442668952
10.0,2.0,3000.0,0.7766666666666666,0.7861782170101137,0.7766666666666666,0.7761063442668952
10.0,3.0,3000.0,0.8,0.8072651093807934,0.8,0.7987093743242175
10.0,4.0,3000.0,0.7866666666666666,0.792740041792555,0.7866666666666666,0.7853768085386621
10.0,5.0,3000.0,0.7933333333333333,0.7998967535032638,0.7933333333333333,0.7915330039783804
10.0,6.0,3000.0,0.79,0.7970348172214623,0.79,0.7880036181552251
10.0,8.0,3000.0,0.7966666666666666,0.8070948412698413,0.7966666666666666,0.7961199244124777
10.0,9.0,3000.0,0.8033333333333333,0.8117288466461853,0.8033333333333333,0.802430824415261
10.0,11.0,3000.0,0.8033333333333333,0.8111018305171531,0.8033333333333333,0.8030254870681778
10.0,13.0,3000.0,0.8066666666666666,0.8153688311688312,0.8066666666666666,0.8073639108579187
10.0,15.0,3000.0,0.8066666666666666,0.8149614538239539,0.8066666666666666,0.8071963051454848
10.0,18.0,3000.0,0.81,0.8145988103080494,0.81,0.808527897644653
10.0,21.0,3000.0,0.8133333333333334,0.8171783380018675,0.8133333333333334,0.8099646952564409
10.0,25.0,3000.0,0.8,0.8047105278529566,0.8,0.798572799352866
10.0,29.0,3000.0,0.7966666666666666,0.7996037548185829,0.7966666666666666,0.7943886923524641
10.0,34.0,3000.0,0.8,0.8066369182738807,0.8,0.798542628631409
10.0,40.0,3000.0,0.8,0.8057002302672411,0.8,0.7979497027440469
10.0,47.0,3000.0,0.7933333333333333,0.7962638888888889,0.7933333333333333,0.790557043584526
10.0,56.0,3000.0,0.7766666666666666,0.7815808823529412,0.7766666666666666,0.7724925740851072
10.0,66.0,3000.0,0.7633333333333333,0.7665462457350666,0.7633333333333333,0.7579796160284334
10.0,77.0,3000.0,0.7733333333333333,0.7761935646053294,0.7733333333333333,0.7681066701008136
10.0,91.0,3000.0,0.7533333333333333,0.7587981261578731,0.7533333333333333,0.7478595332946938
10.0,107.0,3000.0,0.75,0.7567219690656557,0.75,0.7468671551472671
10.0,126.0,3000.0,0.75,0.7527063021506079,0.75,0.7459428693061805
10.0,148.0,3000.0,0.74,0.7436237311165155,0.74,0.7356135460158643
10.0,174.0,3000.0,0.7433333333333333,0.7479299702029965,0.7433333333333333,0.7391153877413902
10.0,204.0,3000.0,0.7366666666666667,0.7419999494401022,0.7366666666666667,0.7320956006441139
10.0,240.0,3000.0,0.7266666666666667,0.7346803826005278,0.7266666666666667,0.7231553934661797
10.0,282.0,3000.0,0.7266666666666667,0.7331681639953075,0.7266666666666667,0.7229088587795736
10.0,331.0,3000.0,0.73,0.7349793767953785,0.73,0.7261984131854973
10.0,389.0,3000.0,0.71,0.7210059221406625,0.71,0.7062568321126196
10.0,458.0,3000.0,0.6666666666666666,0.693281499838295,0.6666666666666666,0.6642214565891281
10.0,538.0,3000.0,0.64,0.6763599593813904,0.64,0.638079425904648
10.0,632.0,3000.0,0.5833333333333334,0.6418489902249628,0.5833333333333334,0.5720223727639945
10.0,743.0,3000.0,0.52,0.5889244910281826,0.52,0.4981348067822186
10.0,873.0,3000.0,0.49,0.5660624546818576,0.49,0.4611451162194634
10.0,1026.0,3000.0,0.4666666666666667,0.5442110340262897,0.4666666666666667,0.42852947980931333
10.0,1205.0,3000.0,0.4266666666666667,0.5518527729580361,0.4266666666666667,0.39021238800186164
10.0,1416.0,3000.0,0.39,0.5170676088617264,0.39,0.34638214946997786
10.0,1664.0,3000.0,0.36333333333333334,0.5763679434241609,0.36333333333333334,0.30921173640148475
10.0,1955.0,3000.0,0.33666666666666667,0.46303339797457443,0.33666666666666667,0.26042196021991015
10.0,2297.0,3000.0,0.20333333333333334,0.22317045454545456,0.20333333333333334,0.12046277275837572
10.0,2700.0,3000.0,0.08333333333333333,0.006944444444444443,0.08333333333333333,0.01282051282051282
10.0,1.0,3000.0,0.75,0.7679599687265997,0.75,0.754366043978878
10.0,2.0,3000.0,0.75,0.7679599687265997,0.75,0.754366043978878
10.0,3.0,3000.0,0.76,0.7755527376252951,0.76,0.7617826834122076
10.0,4.0,3000.0,0.7566666666666667,0.7756271334506916,0.7566666666666667,0.758855889501989
10.0,5.0,3000.0,0.7666666666666667,0.7846431368389643,0.7666666666666667,0.7696434288038211
10.0,6.0,3000.0,0.7666666666666667,0.786416554460355,0.7666666666666667,0.7692787541953255
10.0,8.0,3000.0,0.76,0.7814609739573607,0.76,0.7626729620924286
10.0,9.0,3000.0,0.7566666666666667,0.7788093435264926,0.7566666666666667,0.7606413525949693
10.0,11.0,3000.0,0.7533333333333333,0.7743617756792867,0.7533333333333333,0.756673068521218
10.0,13.0,3000.0,0.75,0.7727830186569234,0.75,0.7538750823543793
10.0,15.0,3000.0,0.74,0.7680250257625616,0.74,0.746425220879832
10.0,18.0,3000.0,0.7233333333333334,0.7558487105811666,0.7233333333333334,0.7290424209565834
10.0,21.0,3000.0,0.7333333333333333,0.758383338661687,0.7333333333333333,0.7374293404971345
10.0,25.0,3000.0,0.7333333333333333,0.7552724204108051,0.7333333333333333,0.7362690985666178
10.0,29.0,3000.0,0.73,0.753451301013801,0.73,0.7324063510720811
10.0,34.0,3000.0,0.7366666666666667,0.7600325472000017,0.7366666666666667,0.7397473848477725
10.0,40.0,3000.0,0.7066666666666667,0.7329135168698736,0.7066666666666667,0.7088236796760522
10.0,47.0,3000.0,0.7,0.7270163358814674,0.7,0.7030937256443003
10.0,56.0,3000.0,0.6933333333333334,0.7180494449193636,0.6933333333333334,0.6967519865853734
10.0,66.0,3000.0,0.7,0.728669391409523,0.7,0.7044466194045579
10.0,77.0,3000.0,0.6766666666666666,0.714077672118593,0.6766666666666666,0.683234372800702
10.0,91.0,3000.0,0.6666666666666666,0.6957966220049389,0.6666666666666666,0.6708496610376407
10.0,107.0,3000.0,0.6733333333333333,0.7026191636083714,0.6733333333333333,0.6779492872147933
10.0,126.0,3000.0,0.68,0.7065848930149318,0.68,0.6830252541495234
10.0,148.0,3000.0,0.6766666666666666,0.7045746711693333,0.6766666666666666,0.6808422540302148
10.0,174.0,3000.0,0.6633333333333333,0.6900901235889991,0.6633333333333333,0.6662773840324466
10.0,204.0,3000.0,0.6666666666666666,0.6867475530910039,0.6666666666666666,0.6675658570996885
10.0,240.0,3000.0,0.65,0.6688020710488332,0.65,0.6479470010060914
10.0,282.0,3000.0,0.64,0.6574704913957162,0.64,0.6370841356839139
10.0,331.0,3000.0,0.63,0.6456029140613221,0.63,0.6249318042620986
10.0,389.0,3000.0,0.6,0.621592189578211,0.6,0.5921016739741372
10.0,458.0,3000.0,0.6,0.622261206164715,0.6,0.5888262875626414
10.0,538.0,3000.0,0.59,0.6374476980535804,0.59,0.5826658688880799
10.0,632.0,3000.0,0.5566666666666666,0.6107974057246504,0.5566666666666666,0.5454022226152656
10.0,743.0,3000.0,0.53,0.5900373149709727,0.53,0.5110473979415651
10.0,873.0,3000.0,0.49666666666666665,0.5513803432711132,0.49666666666666665,0.4684700692956388
10.0,1026.0,3000.0,0.4666666666666667,0.5488020141484617,0.4666666666666667,0.43239167243247306
10.0,1205.0,3000.0,0.45666666666666667,0.5243571806316828,0.45666666666666667,0.4226316508156863
10.0,1416.0,3000.0,0.41,0.5051898932311437,0.41,0.36390361038279856
10.0,1664.0,3000.0,0.36333333333333334,0.4262080150123098,0.36333333333333334,0.30821895027674784
10.0,1955.0,3000.0,0.30666666666666664,0.20129972545662148,0.30666666666666664,0.22357243691847736
10.0,2297.0,3000.0,0.2,0.20829961585174303,0.2,0.12849022268477336
10.0,2700.0,3000.0,0.07666666666666666,0.005877777777777777,0.07666666666666666,0.010918472652218781
10.0,1.0,3000.0,0.8,0.8052655409669929,0.8,0.7981874720482781
10.0,2.0,3000.0,0.8,0.8052655409669929,0.8,0.7981874720482781
10.0,3.0,3000.0,0.7866666666666666,0.7959075251722311,0.7866666666666666,0.7867215175191238
10.0,4.0,3000.0,0.7833333333333333,0.7926243280898454,0.7833333333333333,0.7836806235256101
10.0,5.0,3000.0,0.78,0.7903471795810324,0.78,0.7794980027150884
10.0,6.0,3000.0,0.7866666666666666,0.796752366810443,0.7866666666666666,0.7855457318586833
10.0,8.0,3000.0,0.7766666666666666,0.7972133681058631,0.7766666666666666,0.7787256807218007
10.0,9.0,3000.0,0.76,0.7870551351768886,0.76,0.7631423267984617
10.0,11.0,3000.0,0.76,0.7892602395595755,0.76,0.7633537351259814
10.0,13.0,3000.0,0.76,0.7916069864897451,0.76,0.7649266418513707
10.0,15.0,3000.0,0.7566666666666667,0.7886693494758011,0.7566666666666667,0.7614092505926614
10.0,18.0,3000.0,0.7633333333333333,0.7910720796281437,0.7633333333333333,0.7677127628516619
10.0,21.0,3000.0,0.7466666666666667,0.7776824314133137,0.7466666666666667,0.7512508569024051
10.0,25.0,3000.0,0.7533333333333333,0.7861035714739699,0.7533333333333333,0.7585818053095288
10.0,29.0,3000.0,0.7433333333333333,0.7756366203866204,0.7433333333333333,0.7482087251562105
10.0,34.0,3000.0,0.74,0.7689796732565223,0.74,0.7455649086328237
10.0,40.0,3000.0,0.7266666666666667,0.7609750907455394,0.7266666666666667,0.7322043429636828
10.0,47.0,3000.0,0.7333333333333333,0.7691515221515222,0.7333333333333333,0.7375550460854371
10.0,56.0,3000.0,0.73,0.7634208459590464,0.73,0.7336287304384053
10.0,66.0,3000.0,0.7233333333333334,0.7588882783882784,0.7233333333333334,0.7262927135276368
10.0,77.0,3000.0,0.7166666666666667,0.7500879442195232,0.7166666666666667,0.71934919761425
10.0,91.0,3000.0,0.7166666666666667,0.7449861184948905,0.7166666666666667,0.7188302433273962
10.0,107.0,3000.0,0.72,0.739990889285007,0.72,0.719149646117243
10.0,126.0,3000.0,0.7133333333333334,0.7422825798780253,0.7133333333333334,0.7161375618136084
10.0,148.0,3000.0,0.7033333333333334,0.7255098814229249,0.7033333333333334,0.7030321244258654
10.0,174.0,3000.0,0.7,0.7215490122585766,0.7,0.6997760734555225
10.0,204.0,3000.0,0.69,0.7126777775022456,0.69,0.691068869175337
10.0,240.0,3000.0,0.6833333333333333,0.7056336932543829,0.6833333333333333,0.68401083299857
10.0,282.0,3000.0,0.6666666666666666,0.6836005356165455,0.6666666666666666,0.6642702226280383
10.0,331.0,3000.0,0.6266666666666667,0.6435554971848076,0.6266666666666667,0.6218574713069868
10.0,389.0,3000.0,0.6066666666666667,0.6246711963417846,0.6066666666666667,0.6015304752367177
10.0,458.0,3000.0,0.5966666666666667,0.6215321484071484,0.5966666666666667,0.5926872485330978
10.0,538.0,3000.0,0.5833333333333334,0.6113054822637007,0.5833333333333334,0.578028068121953
10.0,632.0,3000.0,0.57,0.6055909699882575,0.57,0.564716315722511
10.0,743.0,3000.0,0.53,0.5743437668704633,0.53,0.5240586051896066
10.0,873.0,3000.0,0.5,0.5588124105731792,0.5,0.4921873082941487
10.0,1026.0,3000.0,0.49666666666666665,0.5584849795955616,0.49666666666666665,0.47935435630217416
10.0,1205.0,3000.0,0.47,0.5409241810030697,0.47,0.4486408815875463
10.0,1416.0,3000.0,0.37666666666666665,0.4632791126014334,0.37666666666666665,0.3381772948547074
10.0,1664.0,3000.0,0.32666666666666666,0.3592895152510588,0.32666666666666666,0.26264605368659
10.0,1955.0,3000.0,0.29,0.2493763114772644,0.29,0.19553083680008593
10.0,2297.0,3000.0,0.21,0.17941726389552476,0.21,0.15217704051317496
10.0,2700.0,3000.0,0.06666666666666667,0.0044444444444444444,0.06666666666666667,0.008333333333333333
10.0,1.0,3000.0,0.77,0.7919739165155831,0.77,0.7765653365752833
10.0,2.0,3000.0,0.77,0.7919739165155831,0.77,0.7765653365752833
10.0,3.0,3000.0,0.7733333333333333,0.7861264288394888,0.7733333333333333,0.7774472815932796
10.0,4.0,3000.0,0.7766666666666666,0.7848466456905127,0.7766666666666666,0.7789197587472514
10.0,5.0,3000.0,0.7666666666666667,0.7774098070012612,0.7666666666666667,0.7686621577314126
10.0,6.0,3000.0,0.7733333333333333,0.7858383951839644,0.7733333333333333,0.7757794856946693
10.0,8.0,3000.0,0.7833333333333333,0.7962780884501316,0.7833333333333333,0.7853063961615696
10.0,9.0,3000.0,0.79,0.801100562182822,0.79,0.7909949106466848
10.0,11.0,3000.0,0.79,0.8008183557183558,0.79,0.7906800018051573
10.0,13.0,3000.0,0.7733333333333333,0.7843941259959936,0.7733333333333333,0.7739769752614357
10.0,15.0,3000.0,0.7766666666666666,0.7891750202744526,0.7766666666666666,0.7780109527509773
10.0,18.0,3000.0,0.78,0.7909729772876325,0.78,0.780237326991073
10.0,21.0,3000.0,0.7833333333333333,0.7954678665956938,0.7833333333333333,0.7848071534741464
10.0,25.0,3000.0,0.7733333333333333,0.7864566851334093,0.7733333333333333,0.7740677257433302
10.0,29.0,3000.0,0.7633333333333333,0.7753728043986664,0.7633333333333333,0.7641081464797164
10.0,34.0,3000.0,0.7633333333333333,0.7786636728533279,0.7633333333333333,0.7655931806968342
10.0,40.0,3000.0,0.75,0.7662189743442012,0.75,0.7522382363535546
10.0,47.0,3000.0,0.7333333333333333,0.7460375195130088,0.7333333333333333,0.7331815308648713
10.0,56.0,3000.0,0.7433333333333333,0.7579550216537513,0.7433333333333333,0.7452226839307236
10.0,66.0,3000.0,0.74,0.7531443618986723,0.74,0.7409809360199072
10.0,77.0,3000.0,0.7266666666666667,0.7413838853062992,0.7266666666666667,0.7271280400460621
10.0,91.0,3000.0,0.7,0.7194433268672834,0.7,0.7023434829203946
10.0,107.0,3000.0,0.6966666666666667,0.7172388018762991,0.6966666666666667,0.7000043860969641
10.0,126.0,3000.0,0.6966666666666667,0.7188914878991959,0.6966666666666667,0.7004923154140544
10.0,148.0,3000.0,0.6966666666666667,0.7185993988321789,0.6966666666666667,0.6991108167505076
10.0,174.0,3000.0,0.6633333333333333,0.6960201440437271,0.6633333333333333,0.6675777928633294
10.0,204.0,3000.0,0.6766666666666666,0.6966886417524869,0.6766666666666666,0.6757217997679998
10.0,240.0,3000.0,0.6766666666666666,0.6933042064927494,0.6766666666666666,0.674453063747567
10.0,282.0,3000.0,0.6833333333333333,0.6964080741601066,0.6833333333333333,0.6791832879686206
10.0,331.0,3000.0,0.6733333333333333,0.6960616822628239,0.6733333333333333,0.66825449683175
10.0,389.0,3000.0,0.67,0.6947974312886593,0.67,0.6636896072315966
10.0,458.0,3000.0,0.6533333333333333,0.6816744993879814,0.6533333333333333,0.646693290862727
10.0,538.0,3000.0,0.64,0.6752444978256934,0.64,0.6302342850634959
10.0,632.0,3000.0,0.6066666666666667,0.6538661848239854,0.6066666666666667,0.591825745033268
10.0,743.0,3000.0,0.5866666666666667,0.6388207284387079,0.5866666666666667,0.5667754531901728
10.0,873.0,3000.0,0.5866666666666667,0.6420639125507002,0.5866666666666667,0.5690749462426429
10.0,1026.0,3000.0,0.52,0.6190441834333086,0.52,0.5062352468082556
10.0,1205.0,3000.0,0.45,0.5689153052319869,0.45,0.42700671311763994
10.0,1416.0,3000.0,0.4266666666666667,0.5953057864432635,0.4266666666666667,0.38807884615660027
10.0,1664.0,3000.0,0.3333333333333333,0.47113926661573713,0.3333333333333333,0.2701012824171845
10.0,1955.0,3000.0,0.27,0.1761052970492492,0.27,0.1709003595147861
10.0,2297.0,3000.0,0.21666666666666667,0.1339032152913484,0.21666666666666667,0.13893175210556896
10.0,2700.0,3000.0,0.08,0.0063999999999999994,0.08,0.011851851851851851
10.0,1.0,3000.0,0.8,0.8120925812261146,0.8,0.8005235788153039
10.0,2.0,3000.0,0.8,0.8120925812261146,0.8,0.8005235788153039
10.0,3.0,3000.0,0.8266666666666667,0.8322320393744542,0.8266666666666667,0.8276476250141864
10.0,4.0,3000.0,0.8133333333333334,0.8198035131252449,0.8133333333333334,0.8147375044435687
10.0,5.0,3000.0,0.83,0.8352408772408773,0.83,0.829105949964937
10.0,6.0,3000.0,0.83,0.8361869066405652,0.83,0.828387989404276
10.0,8.0,3000.0,0.8033333333333333,0.8092758041029693,0.8033333333333333,0.8007966269217515
10.0,9.0,3000.0,0.8,0.8075940852197572,0.8,0.7977184879771612
10.0,11.0,3000.0,0.7933333333333333,0.8018858315115034,0.7933333333333333,0.791191771860304
10.0,13.0,3000.0,0.8,0.8099518567679488,0.8,0.7973299877186986
10.0,15.0,3000.0,0.8,0.8098475131953393,0.8,0.795742371773356
10.0,18.0,3000.0,0.7966666666666666,0.8071956212575407,0.7966666666666666,0.7933733852584398
10.0,21.0,3000.0,0.7933333333333333,0.8022831160068002,0.7933333333333333,0.7892284860765425
10.0,25.0,3000.0,0.7766666666666666,0.78603743576112,0.7766666666666666,0.7722898196577439
10.0,29.0,3000.0,0.78,0.7881812375975754,0.78,0.7746232240717106
10.0,34.0,3000.0,0.78,0.7912755309992152,0.78,0.7758910270479817
10.0,40.0,3000.0,0.77,0.781546389443603,0.77,0.7654584640324994
10.0,47.0,3000.0,0.78,0.7911915091081757,0.78,0.7765207845658741
10.0,56.0,3000.0,0.76,0.771860580241015,0.76,0.755807062645071
10.0,66.0,3000.0,0.7466666666666667,0.7539495029253768,0.7466666666666667,0.7419919657538587
10.0,77.0,3000.0,0.7433333333333333,0.7511207112045942,0.7433333333333333,0.7399549107715265
10.0,91.0,3000.0,0.7433333333333333,0.7521721497631109,0.7433333333333333,0.7377301478555971
10.0,107.0,3000.0,0.7266666666666667,0.7370953668464914,0.7266666666666667,0.7212106442131619
10.0,126.0,3000.0,0.7233333333333334,0.7327324963366153,0.7233333333333334,0.718743549153997
10.0,148.0,3000.0,0.7166666666666667,0.7263703703703703,0.7166666666666667,0.7114038054602123
10.0,174.0,3000.0,0.71,0.7111834017635302,0.71,0.7004477472627015
10.0,204.0,3000.0,0.7133333333333334,0.7169704989878903,0.7133333333333334,0.7057821278731787
10.0,240.0,3000.0,0.6833333333333333,0.6845304684204884,0.6833333333333333,0.6724125306189888
10.0,282.0,3000.0,0.6733333333333333,0.6702566239102897,0.6733333333333333,0.6611826459594069
10.0,331.0,3000.0,0.6733333333333333,0.6765469030983234,0.6733333333333333,0.6632902983436946
10.0,389.0,3000.0,0.6533333333333333,0.6581906375713432,0.6533333333333333,0.6426584262512565
10.0,458.0,3000.0,0.6333333333333333,0.6454247015602895,0.6333333333333333,0.6209926517786465
10.0,538.0,3000.0,0.61,0.6189511605353897,0.61,0.5935946181140043
10.0,632.0,3000.0,0.5633333333333334,0.5853541922382501,0.5633333333333334,0.5395737322354716
10.0,743.0,3000.0,0.55,0.5889333835609605,0.55,0.5219016945349388
10.0,873.0,3000.0,0.52,0.5516367167964557,0.52,0.48921129132104063
10.0,1026.0,3000.0,0.5033333333333333,0.5567125059024373,0.5033333333333333,0.46519078212651427
10.0,1205.0,3000.0,0.4266666666666667,0.525853475027388,0.4266666666666667,0.3767452035131692
10.0,1416.0,3000.0,0.37333333333333335,0.5395005297834914,0.37333333333333335,0.30913254713749766
10.0,1664.0,3000.0,0.36333333333333334,0.5900444985569985,0.36333333333333334,0.2834347766610696
10.0,1955.0,3000.0,0.2833333333333333,0.28654497522697064,0.2833333333333333,0.18800771448003184
10.0,2297.0,3000.0,0.15,0.11936952219394965,0.15,0.07691574676795258
10.0,2700.0,3000.0,0.07,0.004900000000000001,0.07,0.009158878504672898
10.0,1.0,3000.0,0.7566666666666667,0.7727852341352341,0.7566666666666667,0.7579934201744097
10.0,2.0,3000.0,0.7566666666666667,0.7727852341352341,0.7566666666666667,0.7579934201744097
10.0,3.0,3000.0,0.7333333333333333,0.7532262503079576,0.7333333333333333,0.7336344901716899
10.0,4.0,3000.0,0.73,0.7556235679779157,0.73,0.733255105075307
10.0,5.0,3000.0,0.7633333333333333,0.7820961421619316,0.7633333333333333,0.7665576170499427
10.0,6.0,3000.0,0.78,0.796167235917236,0.78,0.7829174186196975
10.0,8.0,3000.0,0.7666666666666667,0.7835705882666585,0.7666666666666667,0.7693305343043927
10.0,9.0,3000.0,0.7733333333333333,0.7895540861477346,0.7733333333333333,0.7741976146435959
10.0,11.0,3000.0,0.7633333333333333,0.7757488536155203,0.7633333333333333,0.7617298318024179
10.0,13.0,3000.0,0.7566666666666667,0.7690393489083144,0.7566666666666667,0.7546064962485884
10.0,15.0,3000.0,0.76,0.7761571502991792,0.76,0.7594598100760579
10.0,18.0,3000.0,0.7566666666666667,0.7745586410443104,0.7566666666666667,0.7569313259769855
10.0,21.0,3000.0,0.76,0.7771534948067983,0.76,0.7604295599724329
10.0,25.0,3000.0,0.7466666666666667,0.7642340198321891,0.7466666666666667,0.7471992939258945
10.0,29.0,3000.0,0.74,0.7554742625271771,0.74,0.7391210938464784
10.0,34.0,3000.0,0.7333333333333333,0.7475984783417754,0.7333333333333333,0.7328542021774169
10.0,40.0,3000.0,0.7266666666666667,0.7430947837157312,0.7266666666666667,0.7276209345849762
10.0,47.0,3000.0,0.72,0.7335546782042275,0.72,0.7188428925412325
10.0,56.0,3000.0,0.7233333333333334,0.7398208160910288,0.7233333333333334,0.7225589560822395
10.0,66.0,3000.0,0.71,0.726519550895129,0.71,0.707092121672617
10.0,77.0,3000.0,0.7133333333333334,0.7306325933407077,0.7133333333333334,0.7120165514610397
10.0,91.0,3000.0,0.71,0.7293345136851034,0.71,0.7091551165474173
10.0,107.0,3000.0,0.6966666666666667,0.7145089793968118,0.6966666666666667,0.6934314540713883
10.0,126.0,3000.0,0.6933333333333334,0.7078385523404558,0.6933333333333334,0.6869844533324646
10.0,148.0,3000.0,0.68,0.6900799885792872,0.68,0.6712980002942681
10.0,174.0,3000.0,0.6733333333333333,0.6806540646460002,0.6733333333333333,0.6637047620148305
10.0,204.0,3000.0,0.6633333333333333,0.6680511127241363,0.6633333333333333,0.653917777136494
10.0,240.0,3000.0,0.6733333333333333,0.673943375906084,0.6733333333333333,0.6621305735444635
10.0,282.0,3000.0,0.65,0.6497273981906169,0.65,0.6370653427688735
10.0,331.0,3000.0,0.6466666666666666,0.6408852389440625,0.6466666666666666,0.6326366442495083
10.0,389.0,3000.0,0.6433333333333333,0.643326967212594,0.6433333333333333,0.6299462174864628
10.0,458.0,3000.0,0.63,0.634317036936232,0.63,0.6134270678933523
10.0,538.0,3000.0,0.6266666666666667,0.6362705987705988,0.6266666666666667,0.609015595902891
10.0,632.0,3000.0,0.6133333333333333,0.6234959412119372,0.6133333333333333,0.5891133043356724
10.0,743.0,3000.0,0.5833333333333334,0.6096890694503957,0.5833333333333334,0.5557887994737724
10.0,873.0,3000.0,0.5733333333333334,0.6201188761788607,0.5733333333333334,0.5452074304457601
10.0,1026.0,3000.0,0.53,0.5840304882457399,0.53,0.49507321946645805
10.0,1205.0,3000.0,0.49666666666666665,0.5739175488472424,0.49666666666666665,0.4519460176857352
10.0,1416.0,3000.0,0.46,0.5104920436630963,0.46,0.40203154325076523
10.0,1664.0,3000.0,0.39666666666666667,0.501151356959227,0.39666666666666667,0.33094068203998633
10.0,1955.0,3000.0,0.31666666666666665,0.27404909070908057,0.31666666666666665,0.23753033739179547
10.0,2297.0,3000.0,0.2733333333333333,0.2608678222443822,0.2733333333333333,0.1789738039496735
10.0,2700.0,3000.0,0.07333333333333333,0.005377777777777777,0.07333333333333333,0.010020703933747413
10.0,1.0,3000.0,0.7666666666666667,0.7756868279569893,0.7666666666666667,0.768449015158277
10.0,2.0,3000.0,0.7666666666666667,0.7756868279569893,0.7666666666666667,0.768449015158277
10.0,3.0,3000.0,0.78,0.7870724626689588,0.78,0.7800887138843894
10.0,4.0,3000.0,0.7766666666666666,0.7864060972629521,0.7766666666666666,0.7767890216338315
10.0,5.0,3000.0,0.7733333333333333,0.7812187608847091,0.7733333333333333,0.770602711379403
10.0,6.0,3000.0,0.7766666666666666,0.7853599535268653,0.7766666666666666,0.7744648519359688
10.0,8.0,3000.0,0.7766666666666666,0.7818372917257722,0.7766666666666666,0.7749641120940797
10.0,9.0,3000.0,0.78,0.7835456280689547,0.78,0.7777102319276709
10.0,11.0,3000.0,0.78,0.7833381312076487,0.78,0.7784772595756938
10.0,13.0,3000.0,0.78,0.7909365079365079,0.78,0.7786907228503338
10.0,15.0,3000.0,0.7833333333333333,0.791937037037037,0.7833333333333333,0.7796259433109369
10.0,18.0,3000.0,0.7566666666666667,0.7639369519344338,0.7566666666666667,0.7519853219459095
10.0,21.0,3000.0,0.7633333333333333,0.7740790410991982,0.7633333333333333,0.7621772605880984
10.0,25.0,3000.0,0.7666666666666667,0.7749980615807229,0.7666666666666667,0.7635918300719481
10.0,29.0,3000.0,0.75,0.7523366112566666,0.75,0.7446712327223256
10.0,34.0,3000.0,0.7433333333333333,0.7475272467000666,0.7433333333333333,0.7396761449390519
10.0,40.0,3000.0,0.7433333333333333,0.7512993971945094,0.7433333333333333,0.7407582369180368
10.0,47.0,3000.0,0.74,0.7466658629210741,0.74,0.7370820409284552
10.0,56.0,3000.0,0.7266666666666667,0.7318431875541016,0.7266666666666667,0.721233537941302
10.0,66.0,3000.0,0.7333333333333333,0.7419226435832607,0.7333333333333333,0.7280781496644512
10.0,77.0,3000.0,0.7333333333333333,0.7360408090361651,0.7333333333333333,0.7262462845466083
10.0,91.0,3000.0,0.7233333333333334,0.7286910493077587,0.7233333333333334,0.7171667373135953
10.0,107.0,3000.0,0.7233333333333334,0.7307827616466673,0.7233333333333334,0.7173936308707536
10.0,126.0,3000.0,0.7166666666666667,0.7174514975231475,0.7166666666666667,0.7085065720486406
10.0,148.0,3000.0,0.7,0.7043984973372739,0.7,0.6921185789403604
10.0,174.0,3000.0,0.7166666666666667,0.7191958237140044,0.7166666666666667,0.7079557169068466
10.0,204.0,3000.0,0.6933333333333334,0.7016928244232166,0.6933333333333334,0.6841038182911192
10.0,240.0,3000.0,0.6766666666666666,0.6848738604439111,0.6766666666666666,0.6691323477500859
10.0,282.0,3000.0,0.65,0.6608983495784982,0.65,0.6357216633018112
10.0,331.0,3000.0,0.6333333333333333,0.6447187513691597,0.6333333333333333,0.6208276473028614
10.0,389.0,3000.0,0.62,0.6420840751540426,0.62,0.6091523972023848
10.0,458.0,3000.0,0.5866666666666667,0.6071559690893166,0.5866666666666667,0.5701695798074627
10.0,538.0,3000.0,0.5733333333333334,0.6029352794364459,0.5733333333333334,0.5574659939650164
10.0,632.0,3000.0,0.57,0.5988192784003432,0.57,0.5522303856436862
10.0,743.0,3000.0,0.5366666666666666,0.5722599609961707,0.5366666666666666,0.5136277451803232
10.0,873.0,3000.0,0.5033333333333333,0.542455475399441,0.5033333333333333,0.4676231521674502
10.0,1026.0,3000.0,0.4666666666666667,0.5004143038801252,0.4666666666666667,0.4240008014350437
10.0,1205.0,3000.0,0.41333333333333333,0.4693858358412549,0.41333333333333333,0.3691453490219692
10.0,1416.0,3000.0,0.36666666666666664,0.46658457365129324,0.36666666666666664,0.31606574163734485
10.0,1664.0,3000.0,0.34,0.4320302632625667,0.34,0.282697505071929
10.0,1955.0,3000.0,0.27666666666666667,0.3393986555020029,0.27666666666666667,0.20299304626911613
10.0,2297.0,3000.0,0.20666666666666667,0.14475764111249304,0.20666666666666667,0.11526647314898225
10.0,2700.0,3000.0,0.08333333333333333,0.006944444444444443,0.08333333333333333,0.01282051282051282
10.0,1.0,3000.0,0.78,0.7935648952523953,0.78,0.7789289735258133
10.0,2.0,3000.0,0.78,0.7935648952523953,0.78,0.7789289735258133
10.0,3.0,3000.0,0.7733333333333333,0.7848069916355811,0.7733333333333333,0.7712872835463086
10.0,4.0,3000.0,0.7666666666666667,0.783740732161591,0.7666666666666667,0.7678613925092782
10.0,5.0,3000.0,0.7733333333333333,0.7917891043342481,0.7733333333333333,0.7750655970267162
10.0,6.0,3000.0,0.79,0.8034567176077849,0.79,0.7905970664193145
10.0,8.0,3000.0,0.79,0.8040944775944776,0.79,0.7895609283603865
10.0,9.0,3000.0,0.78,0.7928156276068165,0.78,0.7804208134074077
10.0,11.0,3000.0,0.7766666666666666,0.7877431650137532,0.7766666666666666,0.7757728312436486
10.0,13.0,3000.0,0.7833333333333333,0.794342698813287,0.7833333333333333,0.7828074566391162
10.0,15.0,3000.0,0.7766666666666666,0.7878857438857438,0.7766666666666666,0.777201475400052
10.0,18.0,3000.0,0.79,0.8010921730962298,0.79,0.7895132918376447
10.0,21.0,3000.0,0.79,0.8029375558651874,0.79,0.790237319750507
10.0,25.0,3000.0,0.79,0.8076741363211951,0.79,0.7911411472051733
10.0,29.0,3000.0,0.7833333333333333,0.8023535681770976,0.7833333333333333,0.7834503154222474
10.0,34.0,3000.0,0.7866666666666666,0.8030689424383223,0.7866666666666666,0.7873949608892132
10.0,40.0,3000.0,0.79,0.8079874778003809,0.79,0.7894158746877573
10.0,47.0,3000.0,0.7833333333333333,0.8039729338336149,0.7833333333333333,0.7842717489879414
10.0,56.0,3000.0,0.7733333333333333,0.7964380356682697,0.7733333333333333,0.775255936052138
10.0,66.0,3000.0,0.7733333333333333,0.799321796226672,0.7733333333333333,0.7751811772682788
10.0,77.0,3000.0,0.78,0.8040399700789407,0.78,0.7826496472198905
10.0,91.0,3000.0,0.7633333333333333,0.7902823627984917,0.7633333333333333,0.7647241558202523
10.0,107.0,3000.0,0.7733333333333333,0.7959664445119853,0.7733333333333333,0.772177409793219
10.0,126.0,3000.0,0.7566666666666667,0.7789509171559081,0.7566666666666667,0.7563654839705456
10.0,148.0,3000.0,0.7633333333333333,0.7803051324480907,0.7633333333333333,0.76100553184058
10.0,174.0,3000.0,0.76,0.7794224306708322,0.76,0.7569955855408438
10.0,204.0,3000.0,0.76,0.7748496212393271,0.76,0.7571384659525726
10.0,240.0,3000.0,0.7533333333333333,0.7666417154740685,0.7533333333333333,0.7497904950154312
10.0,282.0,3000.0,0.7233333333333334,0.7439215308479679,0.7233333333333334,0.7195904915128809
10.0,331.0,3000.0,0.7033333333333334,0.7305312822701294,0.7033333333333334,0.7017803379821609
10.0,389.0,3000.0,0.6833333333333333,0.7122960169822915,0.6833333333333333,0.6806754643044967
10.0,458.0,3000.0,0.65,0.6911702870995067,0.65,0.644786019460776
10.0,538.0,3000.0,0.5933333333333334,0.650718962580017,0.5933333333333334,0.5807313897872451
10.0,632.0,3000.0,0.56,0.6313006293223684,0.56,0.5434986249458312
10.0,743.0,3000.0,0.53,0.6052622191549727,0.53,0.5074042885177873
10.0,873.0,3000.0,0.49666666666666665,0.5718582148845307,0.49666666666666665,0.4619875419449679
10.0,1026.0,3000.0,0.45666666666666667,0.5346733161675639,0.45666666666666667,0.41557664747745016
10.0,1205.0,3000.0,0.4,0.47730849406535053,0.4,0.3542566002030227
10.0,1416.0,3000.0,0.3433333333333333,0.4339236252216229,0.3433333333333333,0.2917017536491875
10.0,1664.0,3000.0,0.3233333333333333,0.49688226776505057,0.3233333333333333,0.2551959864120195
10.0,1955.0,3000.0,0.2966666666666667,0.44418848728684796,0.2966666666666667,0.2292940467793376
10.0,2297.0,3000.0,0.22333333333333333,0.3053918582110219,0.22333333333333333,0.14802445296327388
10.0,2700.0,3000.0,0.08333333333333333,0.013333333333333334,0.08333333333333333,0.022063492063492063
10.0,1.0,3000.0,0.8133333333333334,0.8192842389901214,0.8133333333333334,0.8127959971045524
10.0,2.0,3000.0,0.8133333333333334,0.8192842389901214,0.8133333333333334,0.8127959971045524
10.0,3.0,3000.0,0.8066666666666666,0.8093736214093179,0.8066666666666666,0.8034928960265844
10.0,4.0,3000.0,0.7966666666666666,0.7985885161961425,0.7966666666666666,0.7916758498306009
10.0,5.0,3000.0,0.78,0.7884674483707578,0.78,0.7790658599036412
10.0,6.0,3000.0,0.7833333333333333,0.790306454101558,0.7833333333333333,0.7823854225986953
10.0,8.0,3000.0,0.7766666666666666,0.782591935679655,0.7766666666666666,0.7746419235992723
10.0,9.0,3000.0,0.7733333333333333,0.778730213092126,0.7733333333333333,0.7707579787771387
10.0,11.0,3000.0,0.77,0.7676959257236493,0.77,0.7627155256817908
10.0,13.0,3000.0,0.7733333333333333,0.7719625399060727,0.7733333333333333,0.7643122405033497
10.0,15.0,3000.0,0.7766666666666666,0.7772870954669782,0.7766666666666666,0.7691551810392834
10.0,18.0,3000.0,0.7733333333333333,0.7741833622625772,0.7733333333333333,0.7664635128966747
10.0,21.0,3000.0,0.7533333333333333,0.7494142603842994,0.7533333333333333,0.7451934763929238
10.0,25.0,3000.0,0.76,0.7590712645296329,0.76,0.7530518791684303
10.0,29.0,3000.0,0.7666666666666667,0.7665227141392975,0.7666666666666667,0.7567363716307455
10.0,34.0,3000.0,0.7733333333333333,0.7725519308258033,0.7733333333333333,0.7631529335215438
10.0,40.0,3000.0,0.7733333333333333,0.7726755521049,0.7733333333333333,0.7638224787951607
10.0,47.0,3000.0,0.77,0.7682968609442974,0.77,0.7605598094154158
10.0,56.0,3000.0,0.76,0.7576657460776318,0.76,0.750883779899631
10.0,66.0,3000.0,0.75,0.7476573944907121,0.75,0.7387046602385349
10.0,77.0,3000.0,0.74,0.7420989140568767,0.74,0.7312153244397485
10.0,91.0,3000.0,0.7366666666666667,0.7391220122872297,0.7366666666666667,0.7253635779616657
10.0,107.0,3000.0,0.7333333333333333,0.7356106951314267,0.7333333333333333,0.7237917718383631
10.0,126.0,3000.0,0.7366666666666667,0.7355854961518038,0.7366666666666667,0.7246962932949986
10.0,148.0,3000.0,0.73,0.7162209644916961,0.73,0.7128520268447004
10.0,174.0,3000.0,0.72,0.6990886077416923,0.72,0.7006059100016756
10.0,204.0,3000.0,0.7166666666666667,0.7010536321002033,0.7166666666666667,0.7008458477411156
10.0,240.0,3000.0,0.7066666666666667,0.6897002789500035,0.7066666666666667,0.6911142974412658
10.0,282.0,3000.0,0.69,0.6734304062126643,0.69,0.6754201318931969
10.0,331.0,3000.0,0.6633333333333333,0.6462831569864972,0.6633333333333333,0.6465667309936348
10.0,389.0,3000.0,0.6466666666666666,0.641024206504682,0.6466666666666666,0.6334591016736977
10.0,458.0,3000.0,0.6266666666666667,0.6309450601839957,0.6266666666666667,0.6140706497302394
10.0,538.0,3000.0,0.6166666666666667,0.6281794401739955,0.6166666666666667,0.6042495354811389
10.0,632.0,3000.0,0.5666666666666667,0.5827229722229722,0.5666666666666667,0.546833064611927
10.0,743.0,3000.0,0.54,0.559152858906175,0.54,0.5128857680481489
10.0,873.0,3000.0,0.5,0.5301174416959207,0.5,0.4727392749341146
10.0,1026.0,3000.0,0.45666666666666667,0.5077291069896587,0.45666666666666667,0.4236508395085398
10.0,1205.0,3000.0,0.4166666666666667,0.48502824488352775,0.4166666666666667,0.3771564055531884
10.0,1416.0,3000.0,0.37,0.42816003917826295,0.37,0.3117141419677364
10.0,1664.0,3000.0,0.31666666666666665,0.32656516110471806,0.31666666666666665,0.23657154895647176
10.0,1955.0,3000.0,0.2633333333333333,0.322132222567892,0.2633333333333333,0.18431025081788444
10.0,2297.0,3000.0,0.20333333333333334,0.20284152905941394,0.20333333333333334,0.11027504219777662
10.0,2700.0,3000.0,0.08,0.0063999999999999994,0.08,0.011851851851851851
10.0,1.0,3000.0,0.75,0.7634949444027515,0.75,0.7472331009269212
10.0,2.0,3000.0,0.75,0.7634949444027515,0.75,0.7472331009269212
10.0,3.0,3000.0,0.7566666666666667,0.7646310794475262,0.7566666666666667,0.7536699979178882
10.0,4.0,3000.0,0.7666666666666667,0.7771581722119743,0.7666666666666667,0.7649227811271251
10.0,5.0,3000.0,0.76,0.7756056551171415,0.76,0.7582246599448074
10.0,6.0,3000.0,0.7733333333333333,0.7870992675705158,0.7733333333333333,0.7722020226287639
10.0,8.0,3000.0,0.7733333333333333,0.7852193847712893,0.7733333333333333,0.7714711012900269
10.0,9.0,3000.0,0.78,0.7919461374395586,0.78,0.7772963098941682
10.0,11.0,3000.0,0.7833333333333333,0.797454365079365,0.7833333333333333,0.7820880065536687
10.0,13.0,3000.0,0.79,0.8039888830837106,0.79,0.7899049267427859
10.0,15.0,3000.0,0.78,0.7937526558690351,0.78,0.7780862233616108
10.0,18.0,3000.0,0.78,0.7948910370874145,0.78,0.7781298234037061
10.0,21.0,3000.0,0.79,0.8073060656121063,0.79,0.7881078727347883
10.0,25.0,3000.0,0.7833333333333333,0.8007341444231688,0.7833333333333333,0.7794480187232551
10.0,29.0,3000.0,0.7866666666666666,0.8018377260187606,0.7866666666666666,0.7834625183898286
10.0,34.0,3000.0,0.7733333333333333,0.7890503152236822,0.7733333333333333,0.7698110065838975
10.0,40.0,3000.0,0.77,0.7934483549188163,0.77,0.7637385988945165
10.0,47.0,3000.0,0.7666666666666667,0.7845633750042665,0.7666666666666667,0.7613640250022116
10.0,56.0,3000.0,0.76,0.7804268935385144,0.76,0.7540069034527219
10.0,66.0,3000.0,0.7633333333333333,0.7788980879801168,0.7633333333333333,0.7585305150833092
10.0,77.0,3000.0,0.7666666666666667,0.7894097104398828,0.7666666666666667,0.7637949031573228
10.0,91.0,3000.0,0.7566666666666667,0.7815256865256865,0.7566666666666667,0.7514138471177946
10.0,107.0,3000.0,0.74,0.7605073755573756,0.74,0.7327599810938931
10.0,126.0,3000.0,0.73,0.7552750098140154,0.73,0.7235112610240245
10.0,148.0,3000.0,0.7333333333333333,0.7626291978100869,0.7333333333333333,0.7253149729150946
10.0,174.0,3000.0,0.7333333333333333,0.7609304400461115,0.7333333333333333,0.725723052585354
10.0,204.0,3000.0,0.7033333333333334,0.7368296935909138,0.7033333333333334,0.693756633335209
10.0,240.0,3000.0,0.7066666666666667,0.7428861770738417,0.7066666666666667,0.6997240241314266
10.0,282.0,3000.0,0.6866666666666666,0.7198810522810523,0.6866666666666666,0.6801361534561998
10.0,331.0,3000.0,0.66,0.6918874028410613,0.66,0.6509927632646129
10.0,389.0,3000.0,0.68,0.713266282667691,0.68,0.6712064099239742
10.0,458.0,3000.0,0.6533333333333333,0.6872020743879789,0.6533333333333333,0.6418859051145022
10.0,538.0,3000.0,0.6333333333333333,0.6742336334588979,0.6333333333333333,0.615750118669039
10.0,632.0,3000.0,0.59,0.6349454546721304,0.59,0.5685155912327176
10.0,743.0,3000.0,0.55,0.6243215292459479,0.55,0.5253211049838676
10.0,873.0,3000.0,0.5166666666666667,0.6111684876622454,0.5166666666666667,0.48386376347600124
10.0,1026.0,3000.0,0.47333333333333333,0.567150256188711,0.47333333333333333,0.4315986731259627
10.0,1205.0,3000.0,0.44333333333333336,0.5433856714084109,0.44333333333333336,0.3902430632148421
10.0,1416.0,3000.0,0.38666666666666666,0.46760499523914156,0.38666666666666666,0.3179849083608288
10.0,1664.0,3000.0,0.3333333333333333,0.37403883174583297,0.3333333333333333,0.2333171903795919
10.0,1955.0,3000.0,0.30666666666666664,0.3422492185279909,0.30666666666666664,0.19074347259364063
10.0,2297.0,3000.0,0.17333333333333334,0.10891934482223256,0.17333333333333334,0.1080690277464471
10.0,2700.0,3000.0,0.07333333333333333,0.005377777777777777,0.07333333333333333,0.010020703933747413
