x,y,z
9.687557,0.76767427,10.754086
9.90609,6.7478657,8.560207
8.499,5.289775,7.0122414
2.5373561,0.036586028,14.313694
7.245012,0.75560975,2.7127738
3.7873125,10.169108,2.791293
8.321432,4.8548408,11.954497
6.4227996,0.22414678,3.5052125
-0.8738562,10.801784,2.475391
7.6552095,4.248858,11.5542755
9.911247,2.2171066,9.792913
10.977779,3.953492,13.080419
1.4439094,0.56698966,13.567313
-5.1642385,2.1747022,12.206801
8.321503,6.0933614,12.827882
10.97423,4.6396146,7.9375935
9.288854,1.3995446,13.506609
4.9191895,-0.14588526,0.37392625
10.836811,1.081912,11.610896
7.4810696,0.6232196,10.73771
10.666415,3.5852554,11.360923
1.8346558,1.6200824,12.82036
1.4987328,5.396153,3.317057
0.65881205,1.1639887,2.7457643
8.47779,2.5464017,12.985922
11.332753,1.8557359,9.383269
0.106839836,-1.4679149,7.5394907
4.474701,0.693983,1.1677872
4.0173264,-1.6365844,-2.459028
9.331897,4.5296493,6.361864
6.4938865,0.8973644,2.5946188
11.90073,2.176521,12.946365
10.8939085,2.7125177,12.664465
1.4969627,2.0641055,13.583482
9.413755,1.5445714,10.074115
10.441699,5.3622437,9.209219
1.1875372,2.6701336,13.753863
7.356631,3.1809118,6.691485
9.043442,3.9427116,12.593542
8.964024,2.2646983,9.605952
8.138436,1.2289801,6.4651017
7.4049735,2.201705,7.3091545
8.55517,5.9649043,12.662206
2.6680813,4.367291,0.39013156
3.1069071,-2.2172167,1.9943496
11.670575,2.998584,9.354257
1.8704382,3.7727728,4.9922104
8.671747,4.1006775,6.487398
7.6337094,5.887694,3.2030303
11.316266,2.4533515,11.956737
9.376454,3.8022683,8.095358
3.6488628,-2.7885866,-0.32999983
9.031501,4.1653695,9.161054
9.130106,2.0905728,8.370623
11.165789,2.486537,11.894487
7.998689,7.3056583,9.996631
3.9867814,-1.7481217,-0.62344843
7.046356,0.6363053,3.4878073
9.211065,4.1593094,6.5666327
5.9624424,4.184407,5.1813045
7.746096,1.0799953,5.6282883
8.323728,3.9555602,7.28387
9.463832,5.3664646,11.534664
8.505061,3.2270925,8.251629
1.5196133,3.3697586,5.15971
7.401331,3.1693392,0.14569303
6.7782288,0.922452,3.6256237
8.744444,4.1982074,8.257679
5.29131,-0.13374083,1.8324486
6.1433005,4.688999,5.030591
-11.777459,-3.9837596,2.0804791
7.699032,1.5875357,3.4252977
6.8928576,1.9001261,0.86219156
12.731768,4.5494595,11.987545
3.6000962,6.088402,5.9371095
10.620757,4.32017,12.168091
6.7205873,-0.013276504,1.8616309
8.668361,1.5416158,3.8261545
5.519244,5.2704573,9.725875
6.3951178,3.3239837,2.0857527
3.9682708,-1.0218015,-0.05967687
9.777098,1.5830122,12.635324
7.1718493,0.80217844,12.995334
8.929092,4.8686123,11.382029
1.2401406,0.6746585,13.755546
4.0297256,4.540115,5.388838
10.513009,4.157311,12.296037
4.893088,6.4578466,-1.479852
4.0024986,6.3521214,3.6323187
6.21519,2.6508386,7.790891
11.461243,5.9315534,10.295373
6.307527,0.6328922,-1.5745873
11.416247,1.2194409,11.054387
12.348687,1.7643191,12.412501
7.050593,2.2948112,7.1537085
8.3186,7.820412,9.58259
7.0905805,3.1210055,6.3446035
0.54449236,4.1412244,13.056078
2.424597,0.48874784,5.300539
7.601978,7.935296,7.982406
8.496872,7.279344,10.53345
13.332806,4.4323187,12.120522
10.349008,6.749066,10.467985
6.576971,1.433684,3.4187284
7.887739,1.7831867,3.6744804
6.419857,2.870078,6.869621
10.499148,5.371061,8.789184
6.1788073,11.6128235,0.0022143822
8.505662,2.2220204,11.506204
7.381784,2.765553,8.030757
5.9091306,0.77448153,0.17088903
9.064204,1.9797909,13.405305
-0.04352799,10.740178,2.3790922
8.169182,2.680277,12.630775
3.8202658,1.5308609,-0.56005937
2.276675,0.70764875,14.755532
0.71203905,5.419451,4.1696434
5.668017,1.402544,1.8234223
9.113304,2.0739682,6.5848274
6.0983744,3.2121472,6.1374617
1.8432503,-0.55342716,11.641334
8.160989,7.1785226,9.968409
6.208637,0.8723343,7.703785
10.30593,6.508546,10.625857
4.757758,-0.122436576,0.2216822
12.802981,3.567615,9.463826
9.71767,1.2146693,10.939643
9.338738,1.3921498,10.621505
4.119098,-0.01727281,-1.3125219
5.247914,1.0415639,13.418193
4.4604893,6.7443814,4.783307
1.2013851,12.457086,3.0123014
7.711346,0.60109115,5.0910473
9.610528,4.9926386,9.314284
3.191955,5.2119126,0.63667995
9.854982,5.603756,12.120844
-0.350946,10.504223,2.406019
11.225178,5.9527693,9.464725
11.83838,2.8706803,11.577655
10.26023,5.9273014,8.604824
10.0846,0.9743056,9.801337
10.379788,0.8574622,9.763231
9.398961,6.408405,11.93985
10.459436,2.4738467,10.472265
8.839576,3.8085485,12.284622
8.645764,4.069445,9.896556
3.8690372,-0.37197992,-1.1087383
4.586457,0.29132834,-2.8843403
9.250061,4.658919,9.746406
-0.5723603,10.288203,2.1043923
12.850951,3.6829894,9.514414
6.1721816,2.5404165,7.073994
5.4778924,0.73556656,-0.73627806
7.3767004,0.5953319,10.758754
5.9084716,0.9361211,4.1053143
9.237479,1.8323629,9.664051
3.3893733,6.51523,1.3100334
6.5242233,1.9238187,8.251312
10.285956,2.8514085,11.093664
10.793044,5.055898,12.913738
6.8956137,5.738798,9.696343
6.805517,0.8004435,3.2539315
10.976218,1.9572003,11.876411
7.307896,2.975762,4.7319746
8.38928,7.2284083,10.319733
7.392771,-0.072109506,3.681369
10.603179,4.0806723,12.370266
11.918905,4.250523,10.581268
11.022019,1.7873521,11.26968
10.685927,4.822422,11.480391
9.38164,4.9129953,12.088802
11.237045,2.8275938,8.15125
8.377725,2.0012252,4.006859
6.9201803,2.2827573,4.9303703
8.410107,4.2303243,9.834467
-2.8123,-2.7620957,1.073345
3.58825,6.0872426,-0.8317847
13.022447,5.071815,9.230668
13.240042,3.495781,12.162862
8.991485,4.8436737,11.131134
7.9100103,2.2793262,7.3752303
-0.5514951,10.477758,2.2937129
5.3085113,-1.5404484,3.9148808
12.655459,3.421355,9.359809
8.448995,2.6588275,9.199372
10.678382,4.08545,11.193307
8.2081375,2.3245337,7.4078207
2.6935875,0.5030451,15.371836
6.969485,2.136078,5.929317
6.2970233,-1.5866319,4.2344003
8.462729,3.440636,7.9506025
11.528344,3.0165732,11.392449
7.9410458,-1.3789604,6.754333
6.6929507,0.94282275,3.1069384
3.8080373,3.15902,0.6694642
10.539272,2.5534256,12.579125
2.1222816,1.0384539,14.801543
6.20671,3.8942866,5.855787
6.4861646,3.355776,1.8806987
5.175294,-0.6282895,-2.5892098
6.3113008,1.5062858,7.9875584
9.670331,1.5701287,13.269683
12.421458,4.3746758,11.660139
5.7299414,0.89758545,3.7538576
5.7137585,3.3491294,2.5468812
10.420115,4.7871575,11.392961
7.0392914,7.760778,10.7175865
11.171054,4.2175403,13.093374
12.20662,4.643379,10.759149
7.4590106,7.9246264,7.909936
10.866502,4.720636,12.121603
1.6310576,5.5537434,3.1873908
7.3371468,2.0237837,2.2510884
10.020328,4.29724,13.017044
11.374037,3.0094876,13.423332
2.9329917,-1.3093474,6.614917
10.52767,0.77818984,9.899745
12.739324,4.171866,9.722507
2.2905285,8.349016,8.069493
4.1421585,3.8820739,3.5174067
7.813536,3.6956813,11.804655
5.1306067,-0.22520632,-0.37697047
11.842478,2.8545356,11.63997
8.148933,2.0195255,13.55212
12.28907,5.096103,9.306937
5.2200713,-1.364433,1.7973481
8.505167,2.4218514,11.5385475
7.591235,0.60307264,0.57688725
10.2205925,4.9876757,11.391156
8.149102,3.09534,6.711595
7.983871,4.221647,11.312048
5.3982515,2.8958857,5.491639
13.410956,3.218646,12.469339
6.636939,3.355196,5.8263674
5.962638,3.8603811,5.9826674
9.222595,6.2690773,7.4432154
10.189464,2.011725,12.816572
13.11679,5.0608873,10.464274
1.2021718,0.8735904,13.770183
4.4255576,3.4011824,7.492105
3.5172088,0.54789364,-1.5323645
8.290317,7.999237,9.741043
6.413317,5.1557345,5.30371
9.152951,6.000811,12.032179
12.428809,5.05554,9.400642
5.917019,0.5955311,1.4553673
8.752849,3.476648,13.544423
3.811858,8.629882,5.0668817
5.452494,10.076041,7.497774
6.6374855,0.99508744,4.8484473
6.82279,1.2896317,3.2614622
11.440792,3.3009348,9.48863
7.885706,3.0211768,5.7522426
7.0195885,6.137876,10.180278
6.017251,-0.55274034,-0.6582339
8.138935,1.5177209,7.726456
5.9357443,3.3800101,7.1950126
4.419214,-1.0280657,0.5679049
6.147795,5.2956753,4.802829
4.1963816,-0.27362028,1.3154378
7.927549,-1.4474566,6.786838
5.5359707,0.71811897,0.10791046
10.224617,4.445192,12.669467
4.3248916,-0.4502462,-1.9501953
4.7612877,0.38244137,0.46415338
9.157332,6.253128,7.3514194
4.940704,2.0524795,-2.336104
8.838833,7.075899,10.859362
7.5432477,1.0033417,9.322945
7.363422,2.566165,7.3908343
10.23142,4.0972548,11.629155
6.5389423,6.2105145,10.554659
4.2925224,-0.010193215,-1.203637
7.46566,1.9282227,3.1330385
9.910776,5.680958,12.241316
5.222558,0.09668517,1.0445564
6.3470774,0.017586822,0.48026794
5.924416,0.59989655,0.73773104
7.1974645,0.56300676,12.76207
0.10650153,10.975991,2.5384707
0.53492945,10.682593,3.5107617
10.6289835,2.556791,11.42201
10.026087,3.7109694,12.843424
9.577709,5.569034,8.003819
9.806848,5.6962137,8.154593
-1.9942328,4.4597454,12.504887
3.8501709,-1.1164788,-0.27012345
6.027194,-0.2734824,1.1930695
6.600638,1.115178,3.6716137
4.048248,4.051248,3.8773377
1.5241148,1.9598082,13.900225
1.4670398,11.725059,2.7434056
8.259499,4.146026,7.765224
7.3779097,2.6983235,4.6022696
8.426425,3.7616985,7.5705476
12.557404,4.124653,11.421715
3.3668919,8.383261,7.9206614
8.292971,8.113264,8.741962
13.238577,3.7073464,11.996515
-5.3207436,-2.7628212,4.648171
1.7135893,-0.8310392,2.3334618
1.9618365,-0.71459943,2.4882123
12.488471,9.970471,-6.515388
17.144732,5.837544,-3.7260852
5.1692195,5.6165853,-2.8646772
14.35994,4.9930506,-6.586921
12.326955,8.733341,-8.209074
17.152441,5.306844,-4.4951105
8.205442,9.93574,-6.8917527
8.528963,10.502584,-6.4415526
-2.1251574,3.613798,13.261118
3.7114499,4.180263,1.9495995
12.252304,7.580733,-5.639829
18.724157,6.4149413,-1.7953866
9.346408,11.22104,-4.6275744
14.835769,7.8337326,-7.7393136
16.741116,6.1485558,-2.5254374
11.202217,11.868376,-4.926034
10.883793,12.021157,-4.766753
10.439074,7.0446186,-5.861415
11.854116,5.23577,-5.3700213
13.97852,4.745381,-6.205449
8.486049,11.089406,-5.101661
10.657552,5.782242,-3.391886
13.926573,9.449207,-4.086569
15.827315,7.993404,-4.190053
10.981161,4.429994,-3.6020133
10.377565,7.1064496,-6.0416937
10.963502,7.1996827,-5.5457983
12.197977,4.354447,0.48287752
16.040781,6.9887495,-5.669616
14.397937,10.999758,-2.7626264
17.443663,8.569412,-1.4983416
13.6625395,9.063689,-5.0446606
12.800801,4.6843376,-5.73325
15.090486,10.293251,-4.868501
13.377352,5.3520494,0.84185725
14.524524,9.266696,-3.356201
3.3408527,2.3880298,3.2681386
12.3966675,9.080041,-3.7412236
12.567197,6.890137,-5.394443
5.6446524,10.771856,-0.98181415
13.874339,9.14295,-4.2039843
15.865754,7.292808,-5.756818
11.722817,9.294832,-7.091735
16.12692,7.118368,-5.971171
14.5347395,7.980661,-4.223504
14.381995,9.050883,-5.027014
17.309708,5.2331824,-2.791269
18.424006,5.086393,-3.0270395
5.9199567,5.277538,-3.0233474
11.353669,5.294883,-4.4363484
8.068895,9.342675,0.37003452
17.607065,8.886803,-2.457545
12.54271,4.8022833,-6.7544966
10.69468,5.4778156,-2.3367105
11.205562,9.156296,-7.18274
15.756402,8.280987,-4.099284
11.524296,6.6171656,-4.7899604
14.952194,7.2901917,-5.6620784
13.786005,10.558948,-2.527115
14.720533,8.386904,-4.4677815
15.3701515,5.5922475,-0.8861392
13.22623,8.365861,-0.42880046
15.934278,4.7925773,-4.564118
15.380715,7.9808793,-3.97649
12.103825,7.9941874,-8.1787
17.725708,5.7753797,-1.203602
15.455785,9.744714,-4.2445664
15.887251,6.6090174,-6.654986
10.984495,5.4472594,-6.329381
9.221845,5.137623,-1.8739939
15.588778,6.796883,-7.271004
11.7372,4.50973,-5.1279707
16.671902,6.4490037,-5.430297
10.587015,5.7735586,-3.12103
17.137138,5.335208,-4.527353
11.751711,8.101112,-7.49518
17.211895,5.7691226,-2.4831924
12.352872,4.944324,-5.4552193
1.3853061,-1.7185762,1.8213052
13.137362,8.882465,-1.0454932
13.294725,8.431518,-3.820567
17.307861,6.8066564,-0.9451624
15.812708,5.617507,-2.3377597
13.432328,6.2502174,1.5628055
13.724432,6.874371,-1.672646
14.138795,6.4123797,0.43399024
12.692249,7.3691735,-4.5469613
10.101001,6.994776,-5.125897
9.998981,10.592602,-5.4625216
10.641822,9.156804,-7.812614
5.5720096,8.567098,-4.366115
15.136466,10.076891,-3.4245248
15.336881,9.565056,-2.261221
11.089403,8.530931,-7.5221906
14.335771,4.4936895,-4.4678583
9.656063,11.209814,-4.7590995
10.733871,5.572734,-2.587089
8.692985,11.153757,-4.987485
16.544577,6.69358,-0.69942015
13.320465,4.6916785,-6.174354
9.92447,10.660254,-4.9714084
13.06311,10.122177,-6.0626674
10.458094,8.855917,-6.3894234
15.190821,9.571609,-5.1361136
15.149686,5.654634,-6.865698
10.9358635,5.8102684,-3.1945903
13.392648,7.92912,-0.6092915
-3.8887856,-3.0934656,3.4878278
13.722346,5.9673986,-3.5617533
11.266734,4.5074086,-3.6530986
17.44945,8.804819,-2.51885
8.334893,10.41548,-6.104639
10.815181,8.563556,-7.055822
-7.6388855,-7.939936,5.087906
10.54875,9.50611,-5.898831
12.961941,11.694971,-4.1017933
11.196886,7.007239,-4.8458405
11.115772,5.084717,-4.4308476
10.006922,9.208299,-3.9414995
14.229936,7.1346965,-3.918684
8.915066,10.307622,-7.152197
11.521416,11.614158,-4.9963536
10.926037,7.671966,-6.1986403
14.89516,3.6955886,-5.7736325
17.12585,5.807616,-2.7234437
16.80498,5.569132,-4.279852
16.871162,5.8456345,-4.8610764
10.440847,5.050632,-2.657662
16.261616,4.7048044,-3.9524453
13.468987,6.0171947,-3.883964
11.425683,5.940355,-3.5553908
15.606864,8.914926,-3.5793245
13.361524,5.3693914,0.8540599
15.24153,7.3683667,-7.55388
14.527023,10.568953,-3.4577055
18.749712,5.4023247,-2.270805
18.398981,8.418454,-4.9071317
13.188613,11.197428,-6.2817373
15.806978,6.4632835,-6.8397713
17.89123,8.487681,-4.4296575
11.915113,8.500669,-7.9182143
14.127613,10.07263,-4.981675
16.49901,7.2088575,-0.82404554
16.170792,6.472689,-2.843659
16.937054,10.058826,-4.323808
14.292226,6.2880583,0.30198008
11.469914,8.797011,-7.9962645
12.688745,4.287742,-4.169143
8.332083,10.252285,-6.2761946
11.218519,11.806837,-4.871609
11.619409,10.346623,-4.101363
16.847301,6.5802355,-0.788925
14.544165,7.497044,-5.8902416
8.265943,10.134941,-6.7097793
13.454381,11.234068,-4.127453
12.485047,10.4427395,-6.50528
14.102568,4.5679603,-6.4391155
5.078741,5.255976,-2.7529554
15.237394,4.6073794,-4.7063794
13.366247,6.10281,1.6302798
16.116453,7.1430793,-6.433278
3.4053614,2.4382544,3.238121
2.2056203,-1.5602491,6.469803
10.945578,5.6539283,-1.3933979
9.778056,10.241958,-4.429457
10.475714,9.065359,-7.502836
9.976971,9.841621,-7.545655
13.298134,10.4403715,-3.7894058
14.872272,5.5645313,-7.400065
15.409514,6.7777233,-4.8724027
17.2421,8.364045,-2.544387
12.605664,8.261131,-5.060883
14.985256,5.6837044,-7.4579034
13.251813,9.917942,-5.56053
-7.160006,-4.312088,5.8436193
13.221466,8.340234,-0.9830786
13.514297,6.9014697,-1.5294937
4.127368,3.1823,-0.81447
11.395431,5.772145,-4.243098
17.940138,7.50719,-1.7015535
16.95159,7.899458,-1.2719473
18.770992,5.303406,-2.5013747
16.163132,7.091225,-6.5922384
13.296724,10.345126,-3.8242636
14.133772,10.66724,-4.0493402
12.095034,10.93258,-5.818987
14.252578,4.470814,-6.4054255
18.878553,6.413416,-1.5292184
18.281013,7.1725235,-1.7106341
17.604082,7.7641945,-1.7935501
18.762447,5.3815913,-2.2352593
11.216345,4.1169033,-3.5398943
9.659677,11.141175,-5.031257
16.713081,5.0632906,-3.6764424
15.879312,6.432947,-6.817349
16.537214,4.893031,-3.629599
16.203785,4.5338116,-4.8013644
13.545672,4.3514338,-4.4153037
16.534214,6.6085644,-0.6275284
12.246768,5.516745,-3.280282
17.499916,5.485274,-4.650635
14.037437,6.329266,-3.6653059
10.4379,7.2118506,-6.2755785
12.769531,5.0068107,-5.429067
9.799894,10.869559,-4.8941717
-7.8088856,-7.9064775,5.150345
15.379246,6.4575152,-3.0404708
9.887535,11.107052,-4.8849134
11.668143,8.863242,-7.6097817
13.13239,9.769093,-2.201425
7.9883494,9.891414,-6.6704392
17.467562,8.412484,-1.7383908
13.076577,4.008137,-6.398492
8.485659,10.817523,-5.3233256
5.7724357,8.704953,-4.707033
10.920657,11.953477,-4.839033
15.96313,5.469107,-2.4249651
19.279203,5.9191985,-1.918305
17.786789,8.5986595,-4.228545
13.068052,10.35032,-3.8599544
10.280894,5.368038,-2.685549
13.949337,9.762188,-3.1575205
13.356851,8.9597435,-5.059892
13.569305,5.6137056,-4.0969396
16.226833,7.6029024,-3.4411116
12.012433,8.218632,-7.984179
17.136564,8.352172,-2.632131
18.777727,6.0749154,-1.616964
2.2601073,9.2816,4.098698
9.003442,9.32945,-4.7384815
17.863255,8.524703,-4.442927
11.469497,8.175786,-7.2653236
15.04463,3.5410671,-5.543385
12.522225,10.648126,-7.456315
14.346309,7.4253883,-5.7451844
14.004481,8.38729,-4.0000525
9.134055,5.0820775,-1.8384587
15.521589,5.7321258,-1.3871481
12.34917,10.567366,-7.4029913
13.688026,10.65522,-4.674174
10.045185,6.4789324,-5.9888463
14.20998,11.15557,-3.2392464
10.394293,9.863579,-5.282573
10.195309,7.5244527,-6.007217
15.255084,4.549898,-4.965475
17.362532,9.80636,-4.311711
9.461997,5.7673273,-4.6987333
13.764182,9.195685,-4.1091733
13.165728,7.107078,-5.6208057
18.953342,5.960579,-2.160602
12.727448,7.123654,-5.7780657
13.089255,11.51965,-4.2418947
15.5797,7.980959,-4.2076087
12.352242,5.15154,-5.1834855
12.7054205,5.229315,-4.957847
9.499607,11.478262,-4.022977
9.86076,9.917467,-4.375791
13.073781,11.076526,-6.6593957
16.598572,4.98853,-3.4709485
11.631527,8.707434,-7.8272667
11.687446,5.0818725,-6.047633
17.169195,7.8643484,-5.887453
11.732796,4.933874,-4.985468
16.973593,6.3791337,-0.9726326
11.582655,4.1010194,-5.352234
10.594324,5.831987,-3.8984437
10.621332,8.272425,-6.717122
14.407406,10.76227,-2.5464962
9.651097,5.354694,-2.2122984
10.949327,8.478508,-7.15834
13.387076,6.1424546,1.6299442
15.3896055,9.498674,-2.262756
14.041654,6.4048357,0.5324654
13.226962,9.683287,-2.229362
15.012897,10.593356,-4.9151087
15.24085,9.958879,-4.6588955
12.76073,9.623523,-3.8039477
-2.7724147,-0.37300274,7.0364966
18.469273,8.415613,-4.989513
13.34485,6.1701818,-3.8505764
12.764982,7.9358215,-7.2082224
16.419226,6.99302,-0.48580274
9.706261,10.292056,-4.554271
13.151329,5.203839,-5.4631534
15.921295,7.681331,-3.7688596
14.387326,10.144038,-4.0642943
15.213463,9.348953,-5.08231
16.587921,7.1513414,-2.9153037
13.707008,6.9311414,-1.5615306
8.52164,10.338179,-6.8108177
11.378405,5.5639024,-5.732513
13.6162405,5.998974,-3.6928582
16.661745,5.047655,-3.4863658
9.358462,5.775768,-4.7279286
11.524904,11.310118,-4.9884734
11.199615,11.640517,-5.052308
18.550644,5.0780654,-3.2672808
15.859358,5.88023,-6.3198204
-4.3186307,1.1959999,12.8037405
0.34479174,0.86589885,5.1739306
-11.426563,-7.112608,11.944141
-9.967015,-5.0208507,7.260242
-3.0207226,-4.7267904,13.419744
1.0234488,-3.1854594,0.84560704
-5.4290686,-6.6709337,8.481234
-1.2346258,5.8150206,13.602664
-6.3789783,2.047221,7.928561
-7.94001,-3.8757982,6.922408
-3.6509511,-2.615088,3.8059793
-3.2888074,-5.4835615,5.0024376
3.283393,-3.1744401,-0.18328406
-9.85541,-3.4019568,6.023165
-5.1390066,-4.94468,11.279164
-4.163141,-4.8058295,15.463333
-5.546318,-4.6601014,11.552682
-4.828617,-6.806906,11.415542
-5.5052896,-4.8740845,11.661251
-5.679788,-8.066239,12.252976
-8.069686,-1.3152629,12.956093
-9.823967,-7.724059,11.458761
-3.4106996,-4.971457,5.315266
-12.72615,-0.8282138,8.517793
-11.703174,-3.857198,11.558718
-7.9059844,1.5273013,12.711665
-4.6081886,3.1032443,13.716828
-2.6833587,-4.737071,2.3468761
-10.244497,-2.4473507,12.232219
-4.2551346,-6.186047,11.173912
-7.563986,-0.22343609,7.281399
-7.585154,-4.867807,7.612216
-14.035195,-3.540342,8.187412
-7.7789683,-0.09865093,12.47137
-5.4383774,-7.112708,14.070725
-7.6766143,-6.147328,9.704973
2.6147757,-0.07242351,14.360115
-10.2923565,-4.9923587,7.626504
-9.661329,-8.502972,12.0674925
-12.642043,-1.0008421,8.623016
-12.090386,-3.990931,7.5502653
-6.2730155,-4.7028804,7.426034
2.1177707,-0.2820311,-1.6999989
-2.720969,-4.9073524,2.563407
-0.55099267,-0.32738593,5.7655797
2.853301,-0.7826835,-2.1310632
-9.283003,-8.074396,10.1998415
-11.143845,-7.8496156,12.270272
0.73043334,-2.2397194,-1.4490563
-4.8867793,-2.9477358,8.228597
-3.668235,-6.56391,11.455423
-4.178968,-1.9315362,3.4439614
-4.9304066,3.4233649,13.368915
-3.0472674,-2.7931948,13.486458
-3.4989986,-2.6511004,3.7987704
-7.1828337,-6.193481,7.5538154
4.1115236,-2.457848,4.4592166
-9.655346,-7.663035,10.236667
-11.882833,-5.00962,8.985776
-4.2219887,1.2504667,13.98132
-7.1088853,-0.2611279,7.4541016
-0.15873651,-3.651931,4.0290756
-4.4564004,-5.548612,6.8386064
-9.324755,-4.9518986,7.5154467
-5.4104896,-3.4276419,-0.12109933
-5.2790666,-0.9832567,12.186007
-6.8757024,-8.651435,9.616742
-9.545597,-8.0060005,9.863199
-7.5307655,-2.4054132,4.710532
4.086013,-2.6060972,4.5486336
0.3144911,-2.4979892,4.2250857
-4.4162703,-6.5077257,14.690424
-7.6087303,-8.54629,8.8516
-8.4205675,-0.15450372,14.822134
-13.080776,-3.087773,9.400781
-7.0159264,-0.34437793,9.397214
-5.6164203,-3.8032844,12.591668
-0.004345792,-4.048679,4.460641
2.2109559,1.2824365,15.196374
-11.52154,0.18218984,10.507823
-10.5552025,-4.9668975,11.840772
0.79847366,1.2952728,14.847076
-6.7865524,-4.880874,6.770047
0.83220565,3.5678227,13.2902975
-4.806536,-2.7779627,8.035658
-5.361204,-7.4704437,12.372672
-11.462123,-5.5973234,11.317419
-1.9056982,-2.7237055,2.6586294
-5.746957,-1.302507,6.8318458
-10.950893,1.1585243,13.769516
-5.7012677,-3.8736598,10.93993
-0.34237435,4.2730794,12.147435
-7.3749094,-1.0699563,14.465211
-3.103272,-3.9141097,13.614588
-5.4687967,-5.394416,11.350189
-0.17666273,4.3232527,13.047293
-9.078569,-7.28723,11.9609785
-0.18878241,-5.103296,5.9350576
-3.0240834,-4.847288,14.615582
-3.845483,-2.3630002,14.27832
-1.3220334,-3.6679845,4.578038
-5.4889803,-5.5120583,11.66128
-5.0070972,-1.1083279,12.329422
-5.0341477,-4.560737,6.874359
-3.0960724,-4.426698,14.387923
0.24812225,-4.736885,4.9226475
-1.0017365,-4.926477,4.964602
-7.7449937,1.0256902,11.689492
-8.666919,-3.254644,14.733819
0.9813215,-4.10137,5.0745025
-5.3632555,-5.6234975,7.80647
0.96626925,0.4259708,6.4659076
-7.6639304,0.64230084,13.223171
-11.579335,-1.8234192,13.003494
0.7693798,-1.7666401,4.109338
-4.997381,-5.2487793,11.4045925
-9.69023,-7.586675,9.507295
4.4902325,12.042384,-0.4744946
-9.260817,-5.0796714,7.5785522
-6.3325872,-6.6685,6.7509356
-3.0533633,-2.4724727,13.238824
-6.1239233,1.0618223,9.118427
-9.520432,-6.80915,12.122715
-7.7102995,0.77453494,12.85527
-12.85465,-4.8009276,9.390872
1.1130781,-4.337179,5.5444956
-4.1853013,-2.1209033,14.1298275
0.55416524,1.0879753,5.169398
1.090046,0.44853392,6.716161
-8.225967,-6.9726973,7.4811506
-6.4637394,-4.754196,6.807204
-7.8364935,-3.2448049,7.172536
-5.4968786,-5.45888,11.637492
-2.9804583,-1.2968172,15.01727
-6.837357,-2.5113928,5.906214
-10.669791,-4.104324,7.377547
-12.52153,-4.631416,10.4107275
-1.1461328,-5.044221,4.2927527
-0.7128957,5.7905297,8.670365
-8.768853,-4.966208,7.2100687
0.046411395,-3.5806487,0.50360197
-12.735622,-2.3546655,11.02786
-11.462725,0.83684623,10.304347
-10.304158,0.30918115,13.343055
-0.72888994,-5.257477,5.8955584
2.8801856,-0.93518776,-1.2224519
2.556371,-2.1537786,-1.6704
0.270273,-0.65425175,-0.52462554
-10.05133,-6.9651423,10.1682
-0.2602269,-4.537856,5.0271993
1.7716852,-0.7531464,-0.01600417
-13.1961775,-2.275288,8.465467
-5.847851,-4.245541,12.187832
2.4718082,-0.5171948,0.37418732
-6.954251,-2.0990503,5.6541605
-4.262928,-1.8543429,3.283065
-7.989784,-8.553823,9.08628
-8.17246,-6.8404784,12.694217
-0.06933562,-1.6393288,0.58913857
-2.4276502,-5.214561,3.0864542
-4.434382,-2.6019497,14.690478
2.1689982,-0.04329808,-0.5362304
-9.786918,-1.6676323,12.074536
-4.986498,-0.42305687,5.122082
-12.40922,-0.8392172,8.636588
-5.6921554,-8.108994,12.263461
-4.274365,1.2431569,13.532488
-7.446101,-8.622234,9.226218
0.30626145,-3.3768773,2.334053
-0.43612525,-4.8971615,5.115228
-5.1247277,-3.7585104,12.558675
-5.2995057,-2.7686203,4.85239
-7.2320023,-2.3614314,5.7695675
-7.6618156,-4.03365,7.516702
-0.18697762,-3.2107139,3.194205
-7.642604,-0.7227438,4.64721
-10.514532,-3.8260882,7.461781
-5.2355204,-3.9276893,5.462143
-6.7878337,-3.7257357,14.405953
-3.598179,-0.47711727,8.522728
-3.255659,0.6870729,12.286064
-10.008729,-1.3352629,12.450319
-4.81779,4.1523786,13.179007
-9.349061,-2.7263868,5.9113097
-3.238637,6.0042167,12.969112
-3.4917526,0.17900069,7.0489693
1.252736,0.71595705,13.944072
-0.42333397,-5.4272165,6.016664
-0.20162931,-3.550397,3.258763
-0.20683737,-3.5867655,4.0610538
-9.75666,-8.204794,11.834026
-8.539718,-6.944597,7.417432
6.1661096,-1.8345009,2.568831
-10.1215315,-4.733647,7.1043806
-7.1913633,-2.5460603,5.1234303
-4.9562106,-2.2866266,6.794253
-5.875724,-3.1852233,5.8796663
-9.730379,-7.3823385,9.395588
-9.690753,-6.400177,8.590933
-7.8738904,-7.2364054,7.6927547
-5.7041826,-6.027094,12.575474
-4.6257195,-1.7691367,5.950981
-13.340107,-4.9371037,7.217353
4.008774,6.2566504,3.575668
-3.3242974,-2.3510535,13.541066
-1.1157609,-6.154652,4.5815244
2.3087413,-1.7797061,-1.8340273
-7.553481,-8.513918,8.650675
-7.0048532,0.4003963,13.465283
-7.024833,-0.9049643,9.024022
-4.389172,1.2135289,13.518486
-3.7895544,-1.1526179,13.4007
-2.9689236,0.11115516,6.838062
-8.151848,-0.30281338,10.795017
0.9536184,-2.7846184,0.11245072
-1.8979307,-3.6646006,2.8698723
-3.8746397,-6.329805,11.722145
-5.277422,-8.306,13.506585
-7.947947,0.16757454,11.279493
0.32194644,-3.0197928,-0.8443751
1.1355457,0.31968698,-1.6078005
-11.042846,-7.944491,12.287705
-11.4118395,-3.683591,7.8843307
10.166071,5.5909953,10.216813
-4.8218718,-5.571851,11.483577
-10.92329,-8.033005,12.332955
2.1692104,-1.3913012,-0.9592924
1.0914745,-0.26077092,4.140745
-1.9097486,-3.5779698,2.456052
-10.124504,-4.2100945,6.5061
-7.612281,-4.155456,7.7479906
-4.3817983,0.790274,7.9254174
-9.847163,-5.7540894,9.371482
-11.71952,-3.6754212,11.431282
-3.9064898,-4.856098,3.7208743
-6.0977592,-4.821075,14.508765
-6.984776,-4.279998,8.088253
-10.212847,-7.7702856,11.900633
-2.2632847,-5.0534544,4.3532224
4.0985017,-0.31207514,2.8698602
1.1785004,-0.5318401,3.9332743
-2.9204185,-4.5799212,2.0746398
0.2852601,-1.015392,-1.5384257
-13.459578,-4.8903146,7.0516796
-8.242971,-0.25251406,14.555022
1.3834957,-3.2079556,0.40475014
-7.627845,-2.9723222,6.8832207
-7.3127933,-7.3921676,12.941401
0.7895704,-2.710529,0.0660628
-5.305288,-5.633817,7.7723503
-2.378591,-4.840368,2.611645
0.7585717,1.2271996,4.6305075
-12.082909,-4.7203608,11.171315
-9.885513,-7.788886,11.595889
-6.831262,-4.746683,6.663938
-7.918881,-0.9166563,5.425857
0.25768763,-2.506563,4.2774186
-6.9285226,-0.9519709,8.847688
-4.9656634,4.5804214,13.936104
-7.6681566,-3.8006103,7.2798743
0.73463345,-1.8472822,4.177241
0.31247106,-5.0101237,3.9434674
0.0661452,-3.1955566,3.0677974
-4.914236,-3.0563776,8.0587015
-3.6024818,-5.0042076,5.6884756
2.826421,0.46480528,15.677868
-6.374006,-6.605411,6.742253
-13.072098,-2.3760102,7.769438
-6.630259,-0.05160418,6.6227098
-8.541106,-0.34077552,5.066277
-13.524324,-4.8853498,6.996706
-0.5890654,-0.4911512,0.9181057
-8.585037,-7.832481,5.524335
-12.691713,-4.518549,9.602227
-4.779393,-2.8104868,4.0677423
-7.43802,-8.617646,12.228659
-7.915839,-0.5886926,4.8768992
-9.776842,-7.723902,11.374686
1.7343782,-1.3554844,-1.655147
-5.6139693,-7.9662333,12.332241
-3.9528818,-2.6070383,1.3555199
-10.453654,-0.23639236,9.4572115
-0.70352685,-4.6777577,3.6747477
-13.339576,-5.2276244,7.4447765
-3.8287308,-5.8411603,4.649184
-5.5775213,-4.825945,14.36061
-2.8986998,-5.1207623,4.3282714
-0.8475961,-4.5535717,4.938331
-2.9917452,-5.1586285,4.2356997
-11.96847,-2.0344608,3.6371584
-2.702215,-2.5099242,13.028866
-13.267083,-5.3525987,8.390136
-12.151984,-5.0286417,9.8781
-9.937545,-3.1700857,9.672391
-2.4489973,-4.5818515,14.618808
0.27075368,0.8428121,0.5079517
-3.296373,-4.236687,4.9935946
-11.423291,-6.437814,11.742552
-4.832802,-6.6815724,11.487222
-3.9464707,-2.6118023,1.413084
4.717207,2.0617247,-1.3633276
1.6737827,12.443225,6.489525
6.386956,12.852359,0.5805227
7.6543207,11.3779335,4.0564485
6.7422614,12.676311,1.784652
5.309386,10.975305,0.385856
6.535979,10.69094,4.579246
6.978915,11.445167,1.1011249
-0.102689296,8.838366,11.700729
3.2216496,6.271764,1.1013973
5.9780717,10.400117,-3.0211022
3.4692879,12.5723,3.731954
3.2515323,9.206281,5.1662784
11.838264,5.713084,8.5249
6.7084446,11.943237,2.7388425
2.361665,10.73695,4.1195054
5.0153275,7.375632,4.9574738
0.39541072,10.563809,7.084968
6.7887325,12.648943,1.4006932
3.469873,8.960575,-2.670998
3.6815214,4.0554647,4.8279467
6.7347417,10.52635,4.2990174
3.4034674,3.6441174,3.656342
0.2315814,5.4436584,5.7232356
6.105707,9.70901,-2.7766674
3.052014,10.581772,3.7143605
7.785639,12.341243,0.38280118
4.454483,10.206483,-1.2249188
8.187463,11.623794,4.43524
5.182656,6.7330065,0.34098586
6.6481705,5.269766,0.15196545
6.5638046,12.396397,2.9754655
4.3913527,10.772977,-0.47574008
6.59693,12.801323,4.192575
5.166609,10.08136,-2.4526541
7.4282737,2.8941886,0.71229374
7.558945,9.774811,2.2104764
1.9169868,11.794797,2.4673593
7.552204,10.466732,5.4642987
-2.658449,1.7352542,9.622414
2.0082238,10.839185,9.131022
6.81041,5.2075276,0.07066826
5.505374,10.915678,7.8307915
-1.5625343,7.5135164,9.857144
6.871329,8.343108,2.4229178
4.912838,10.348089,-1.6145111
3.7949634,8.031588,-1.9517363
3.172473,12.194619,2.3844438
5.271061,8.740169,-3.6620207
2.4332802,10.4418,2.940042
4.3364506,3.706203,5.727084
2.9418569,9.68837,4.11
5.315442,9.224041,-3.2318974
5.299509,9.955094,-2.2575355
3.4661722,8.925713,-2.693874
3.8916693,0.2695913,-1.5691069
5.309921,12.509831,2.4760756
2.0545685,9.84872,11.531364
4.167134,11.144181,-1.3143119
5.464334,11.880925,-2.8526478
-0.6187937,9.819291,9.498507
8.5274315,7.9626303,5.405609
5.9438868,12.443753,2.282135
6.780786,8.802155,1.441389
5.503456,6.497799,-1.3753045
6.984253,12.392464,3.3323896
2.8089948,7.8395877,1.7241293
6.1353693,8.137549,-2.89699
1.8179716,10.560386,9.84788
2.53246,11.780206,1.9181943
8.036891,7.3777146,2.6589198
6.060679,12.588289,2.2366524
4.476023,12.2942,2.8350797
7.922007,6.695097,2.1535015
2.096383,10.807823,8.541476
2.7250917,10.477735,4.397273
6.7852483,12.88874,1.0568534
4.03076,5.0403476,-1.3394991
4.522178,9.463798,1.726615
0.82186353,10.456517,10.4868
7.9851704,7.7451096,6.243304
4.429356,10.158977,0.3616927
6.1820803,13.90285,3.6029844
1.6766797,9.549081,11.418705
2.3148081,5.88386,0.91902465
2.5960963,11.144239,9.606573
-0.5828961,9.613627,9.46723
5.814029,10.016412,-2.8293028
1.3126838,12.349895,6.787358
6.1612177,10.951208,5.993949
5.621175,10.753257,7.6385794
1.4951544,6.057885,1.2751445
3.1985672,10.566477,10.166974
-0.1990158,5.20799,13.658294
0.77225244,6.06042,5.705439
-0.39165112,5.0449634,13.4987955
5.07232,10.631685,-3.9370835
1.604199,10.559478,9.8721485
1.9050227,8.014954,10.415857
6.356097,11.671768,-0.32151106
1.9780322,12.355837,2.9282436
5.3050013,11.336868,3.4563382
2.336738,11.942242,2.537238
3.682757,0.35202712,-3.1890166
5.4850054,12.161231,3.8352456
5.1011486,12.081986,3.3213928
5.033347,9.361414,-1.7874101
6.4804444,10.84739,5.4876947
4.5658383,11.640844,2.6347213
4.665688,10.447665,3.306735
2.2819853,6.070766,0.9876681
2.458419,9.938967,-1.5343915
5.9209223,10.7693815,-2.9665275
10.289634,12.5346985,-4.7630467
5.354296,12.178085,4.4879417
7.7133813,6.204112,1.8122028
5.3612413,9.4621315,0.5442104
5.146023,11.289051,-3.303146
8.403437,6.7570224,4.63637
1.2757332,9.459754,11.563032
0.17928195,9.143276,11.491346
4.2028174,11.81673,1.079954
5.0017943,10.758814,0.6609062
4.1482263,2.1623225,-1.3523955
-1.0051093,7.8423023,4.408648
3.3352349,10.459638,10.235676
4.059908,10.686591,-0.6440652
5.124917,2.6000872,-1.5713055
-1.1453518,10.094244,7.7061033
1.8613919,11.522595,9.493092
5.13903,5.0902243,2.755229
4.719135,5.5048656,3.3421805
8.445124,9.219619,7.798397
4.156923,7.2414293,-0.6426582
0.78282595,7.336526,4.9235563
6.9209743,12.716523,2.357002
4.4538856,5.7524867,-0.81527734
3.4931896,3.2741401,-1.0443877
3.6461723,12.75816,3.7308679
4.465757,1.7986268,-1.5849694
8.026433,7.8642383,6.180816
0.91564256,10.58461,7.8914447
5.715833,9.621502,0.19048408
3.2552025,11.812382,0.9880389
4.6450295,6.637686,-1.2412463
2.7920241,10.843137,3.7496176
-0.5974866,4.233005,13.056691
1.7283243,3.4740858,5.057373
2.775535,0.019352393,-3.0707588
7.5003476,11.9139185,3.354207
5.5041113,3.5094876,-1.4095728
2.5094535,12.742657,5.76719
3.6506717,10.789267,2.721824
6.6102724,5.475254,0.31843552
6.016829,11.078827,6.2979608
7.467044,9.389619,2.3822758
4.7532682,9.356063,1.0821242
3.2903836,6.794968,0.23560095
4.1249533,5.550001,-0.47616753
7.112328,11.368262,-1.8858976
5.9926724,10.927107,-3.1309443
5.2261486,7.1426826,0.1815569
6.5110664,8.752768,2.6169653
-1.3514242,9.579786,9.898147
4.7398367,6.6451597,-1.9099633
1.9677372,4.5386133,7.989344
0.30595243,6.5269027,5.9965544
5.140754,11.159957,-3.3039184
7.4655194,11.32833,3.677851
1.5085319,5.0672183,12.816959
4.4841704,9.404626,2.443371
5.0256248,7.016663,-3.232245
4.5410914,9.410662,-1.1611296
5.24074,12.7817745,1.121892
-1.1386548,10.148754,7.512675
3.6538045,12.75668,1.1181588
3.2156677,11.208843,3.7661223
0.06247095,5.9310336,7.919822
3.935108,1.5778666,-2.3763506
5.6518254,11.514649,-3.0347269
3.6969087,5.983343,1.0361547
-1.266849,10.25796,8.132535
-1.3888224,8.234776,9.729423
-0.12664366,5.800983,8.179792
4.7956104,4.821841,-2.9140096
-0.25951514,3.6037176,13.0215845
2.170392,10.191686,10.460135
-0.30330038,0.6803397,5.4221945
7.0096707,10.629008,4.3935246
1.8224217,7.8508987,9.954799
2.0810602,4.8427467,7.423347
1.9706798,12.032639,2.7395968
-0.18244192,8.036294,9.768756
4.686899,8.036641,-1.106744
6.138373,10.106874,0.19957128
7.642694,11.800561,0.7152693
3.274818,1.2690347,-2.7551177
3.5998347,11.421308,1.4881616
0.18010652,4.988436,5.710595
5.2686753,12.213875,-2.6289806
3.9270377,10.482382,2.3080447
6.666724,12.844337,4.3963466
-0.9104417,9.520614,9.096463
6.183937,13.798419,3.575144
3.364155,6.7338815,2.7672148
6.9195294,12.5522375,2.6118488
5.4914384,3.5034206,-0.79208356
1.6280091,8.776897,11.207809
4.070405,12.787665,3.287938
2.2951846,5.5329857,0.062450964
0.07542431,8.934667,10.629055
6.094853,4.716895,4.4191823
0.015440209,9.237423,7.023047
7.10723,11.686761,0.9933163
1.3348699,9.418494,11.428892
-1.1070017,7.941163,4.416222
3.3596015,9.030455,-2.7447634
5.060101,11.110227,1.5993152
6.454263,12.496551,3.537427
3.2128346,12.319139,2.3511264
7.0309978,11.684345,1.067938
-1.5869404,7.282053,9.302693
-0.43941042,7.3127937,8.281801
6.5462995,12.539008,1.4054508
5.845958,8.378093,2.169469
4.6109257,8.167309,-0.48514315
5.4325676,3.5890872,0.55200666
-0.3180289,3.9819129,12.905342
1.3095107,5.6389146,3.91899
5.7454114,11.379657,6.896768
5.751023,5.780908,3.8655677
-0.6738857,3.8498492,12.703889
6.5667033,10.603832,4.35941
3.0907,5.0600457,0.84862775
6.155382,9.4154005,-1.3273187
1.5634782,-0.2753977,13.661823
5.47861,10.462721,-0.7341904
5.8006935,10.3898535,-2.4516802
6.58844,10.1984,-3.2551317
8.682687,7.9665346,5.361741
5.58648,10.297167,-1.184721
8.762442,10.891877,-7.3768916
4.5967164,10.424701,1.8258274
-1.596131,6.740162,9.271553
3.532982,4.931673,0.26277843
4.014234,8.471181,5.3911138
4.1138325,10.549505,2.2479618
7.164988,9.010247,2.477686
6.103144,9.522398,-1.3232281
2.268846,10.96399,8.759653
0.07449836,8.418287,10.464251
4.7651677,11.021166,0.97523767
8.837639,10.847651,-7.414412
3.8330495,11.005728,-0.4035186
-3.3796356,6.257483,14.52599
0.53651065,6.0351014,5.4944468
6.9609604,10.120334,-3.5743713
7.7087455,5.286434,0.8423413
-2.1266348,2.728138,11.470002
5.950317,11.227425,-2.8658192
5.885438,11.14005,5.00477
2.3944237,5.98056,3.0260487
7.2635202,11.694541,-4.3277082
5.7161536,11.468229,7.0415373
5.281099,9.497725,-2.5714622
0.04273452,6.1916738,4.6965685
2.0469587,10.957114,9.651159
5.570551,6.4443216,-0.587
3.5302227,11.887672,2.4562817
6.5403748,11.489449,-3.7232406
5.3162856,10.998225,-3.3398883
4.8283806,7.097538,-1.907102
7.0870876,9.393256,3.2966993
7.482241,10.479861,1.5524161
6.031964,10.792879,6.3815856
-3.79778,1.0748394,5.1042747
4.5233064,9.719976,3.7103384
3.623487,3.0769677,0.97592944
0.5138455,7.878322,9.43125
3.173346,6.6547213,1.685489
5.304818,12.057673,3.5787818
-0.12240038,10.665515,6.796459
3.2891521,11.7051935,1.741258
2.8836503,8.652651,3.969945
0.5994851,6.3417053,5.845919
-0.41811895,8.234713,8.670977
2.4586053,12.698919,5.834304
2.9596477,10.850808,3.9473994
0.15698896,8.8783655,10.692512
4.4433413,1.493815,-1.8381151
5.7208567,10.745323,7.471414
-0.8981165,7.7756047,4.465503
3.7577634,6.810513,0.39527097
5.085308,4.985403,-0.7599145
3.8588004,10.971425,-0.34110442
7.377491,10.691694,1.6554503
1.4952191,12.399701,6.650461
5.3810263,8.687722,-3.7585816
4.889603,10.462342,1.4470129
3.677411,11.252108,2.8355615
-9.886304,-1.2342781,10.73349
-0.37827107,8.189418,8.884826
-9.799375,1.244509,8.84583
-5.6832137,0.61331826,11.560624
-8.24251,1.805364,12.869356
-4.598431,2.983929,14.249836
-0.52689856,9.54945,7.821963
-5.223407,-6.848167,14.164837
-4.526361,-6.6280813,14.725695
-2.6559587,1.9164401,7.5742717
-0.21610567,0.051897384,2.9308121
-1.3439015,-3.1364791,4.822453
-5.6108785,5.001002,10.140907
-7.273366,3.9537094,13.057678
-2.310797,-4.6719546,7.476228
-7.716435,1.0220352,12.674661
-5.638677,1.7436118,9.6441965
-3.465515,2.2581143,11.990749
-1.639825,-4.2597575,1.5768753
-3.8154917,5.463411,12.12823
-7.3858776,-3.9239569,13.159363
-8.952314,-2.9856288,8.624096
-8.926209,-3.9037566,12.409562
-6.1389084,1.3044704,13.344481
-2.5685165,6.130406,11.339021
-1.7847984,2.5196404,7.1484575
-6.127462,-1.0796179,15.219026
-5.538702,-0.3389499,14.4186535
-2.1374366,6.545277,13.852963
-0.19622345,-1.7357693,2.0221746
-4.731572,-7.228991,14.700522
-3.6873677,-5.43453,15.337175
0.7004461,-0.9001278,-2.2224479
-10.56204,-1.7425138,13.2541895
-8.112866,-6.2256007,11.926359
-9.805702,-3.8990674,12.376752
-0.07775533,-4.981295,3.2282872
-6.602969,-0.90720373,14.585654
-3.4826856,-0.97053796,5.2879996
0.38692993,-5.3613844,3.6083212
-3.6510627,-2.6445568,1.3689226
0.25749257,10.306688,8.142111
-9.757491,-2.2940595,10.127117
-6.4715004,-5.81004,12.268859
1.1817824,1.9841671,8.446689
6.1200957,3.1475692,-1.0819583
-9.207648,-6.9296756,9.741722
-1.0766015,4.3569684,6.9936247
-5.404684,-2.787571,9.535015
-3.5482776,6.0740705,12.091989
5.461657,3.397742,-0.72140855
-10.788567,-1.6135015,13.263474
-3.645548,4.515195,12.523862
-6.3325396,2.5829194,3.1856136
-3.8347235,-2.1459403,3.72894
1.0664142,-0.8104207,14.731067
-4.731936,3.130413,13.569874
-9.829723,-4.544687,12.134727
-9.052265,-1.3556647,9.477608
0.3184618,10.537507,3.8633296
-0.5158704,5.06063,7.9825425
-2.32698,7.832935,8.656936
-9.045751,-3.508724,12.420631
-5.40075,5.0395904,10.281965
-9.609275,-0.82397735,12.72032
-0.15018295,7.990716,9.267226
1.0094173,-1.3866527,4.6324053
-4.228753,5.173708,12.061959
-7.53332,-6.789116,13.23493
-7.174483,-3.899495,11.657661
-3.6808012,6.0547495,12.366785
-9.708597,-3.4040809,12.248869
-4.798513,2.8812459,13.882971
-9.401409,-6.9312854,5.532045
-0.06333585,4.464305,11.068802
-4.264726,2.9498703,11.64931
-5.0727725,1.7991847,9.609073
-11.429775,-1.4721593,4.276878
-8.452605,-7.748458,5.4021444
-2.7713046,-2.5110812,6.618245
-8.231617,-3.3653872,8.323769
-9.017355,-3.2961316,9.171904
-0.70173174,1.03161,3.7711952
-5.471203,-1.4213723,7.0466948
-5.508033,1.1565899,9.138226
-5.1699586,-8.218868,14.246287
1.2889655,2.201353,8.268252
-7.5534587,-0.16833626,7.5445905
-10.429035,-2.4540303,12.313106
-9.9191265,-1.0198137,11.311919
0.24687375,9.997088,9.915029
-5.198524,-2.2046366,7.0281134
-0.37188646,9.785401,7.479814
-8.915082,-3.8303201,12.314956
0.5553856,1.094289,5.032767
-5.2754703,1.6450301,9.72358
-3.8774972,2.8398583,10.560484
0.022275103,-2.9107068,5.799793
-0.49646455,-0.5744568,0.8799545
-9.951453,-2.2934418,8.677736
-3.1510305,-5.2569695,12.678676
-4.2565017,0.6877841,14.351288
-3.0761452,4.2365985,12.382425
-1.3396642,7.9222517,8.082352
-7.6717,-5.7602744,10.816184
-0.7448679,4.196281,12.880822
-10.132727,-6.9424767,5.2124853
-5.503581,-3.968948,14.535401
-9.884099,-0.9962147,12.742707
-5.502982,1.1632161,13.361519
-0.77166957,9.860253,8.955147
0.35340583,10.599904,3.4931872
-4.0864725,2.3222759,11.953053
-1.0641553,8.999456,9.307625
-6.857923,0.13372657,10.865564
0.5644412,-4.31171,4.769861
-9.655234,-4.265937,12.242874
-5.7779827,1.8523636,8.196932
-2.700651,7.5554304,9.877911
-11.985705,-0.6826201,8.234175
1.2979158,-1.8745123,-1.03854
-0.010131751,6.5708976,7.6183033
-0.5882664,8.760442,5.7469974
-10.256216,-1.5455477,7.706565
-8.185771,-5.997509,11.152328
-4.373406,0.8549092,10.465086
-3.8312364,-1.3406128,13.32392
-6.6697655,-0.9102181,14.362165
-5.534153,1.5685776,10.141403
-2.96013,-1.1950036,15.024572
-7.971627,-5.836736,10.574965
-6.654987,1.4993424,4.470689
-10.915276,-1.0733861,14.165231
3.016259,-0.44867885,-2.1205685
-9.59642,-0.5774178,12.56514
-4.4319363,3.4246168,12.748358
-8.313912,-4.116148,12.099541
0.042984985,-3.5784726,0.46468917
-4.5190363,1.2660689,12.84605
-5.05093,0.770543,11.603507
0.11125364,7.554599,8.488566
-9.5486555,-5.684152,12.068999
-2.661017,7.3905425,10.031498
-1.4542177,8.230943,9.832277
1.5902438,-0.5870461,-1.3839872
-8.0641165,-4.381738,10.409488
-4.2644124,3.906245,12.3506
-9.829143,-1.3254741,11.31586
-7.802467,-6.525445,11.749975
-10.895902,-3.3521204,8.271129
-10.295758,-3.1409843,11.923971
0.69518846,-1.9635946,4.212765
-0.22152467,8.047152,9.495953
-6.887821,-3.5679116,13.495743
-4.5958247,5.6220837,12.407596
-5.5481095,-0.72993016,11.523791
-6.3822775,3.0324183,8.382978
-8.314688,-0.068010494,8.637828
-9.748101,-3.9603336,9.724906
-10.569514,-4.115555,9.05763
-9.400761,-5.454536,9.352359
-6.5854383,-3.1813452,13.726216
-10.742773,1.9768404,9.78811
-7.646676,-7.0778327,12.958852
-4.120328,4.3768826,12.707403
1.135322,5.9225283,4.745108
-3.8155313,4.768941,12.562571
-0.049788397,7.9065456,7.5286345
-1.246761,-3.6373656,5.4055824
-3.3945549,-3.9797246,14.896859
-8.449529,-5.5530725,10.427302
-0.7421568,9.749532,8.990284
-7.6002283,-3.8378386,9.680341
-11.932259,-3.0794284,11.317678
-3.6996305,1.4146163,12.220574
-3.447646,5.4060006,11.572993
-1.4936647,-3.5350811,6.168973
0.21281707,4.442389,7.6117854
-4.208471,-6.4954157,15.237783
-4.47126,3.4012682,12.869515
-9.95966,-0.16563132,9.762808
-2.5634432,-2.6952727,6.8506904
-4.078781,-0.7512873,3.319309
-2.2159956,6.562661,13.88028
-6.8319464,-6.3007383,8.529083
-4.6346774,1.0426307,12.6069
-1.1379834,8.806808,8.764146
-6.9678125,-0.62206393,13.331137
-3.9890547,4.1710653,12.840503
-3.689266,7.5754776,9.595057
-9.558379,0.11765877,11.608419
0.44223845,6.3398004,5.4795423
-9.897934,-3.860327,12.621385
-2.3638444,1.2234633,6.6395936
-8.087826,-6.5143447,13.563552
-5.3283834,-6.9327817,14.023389
-3.8847113,4.386626,12.852419
6.6915216,4.048559,3.2557085
-2.893307,-6.2518024,5.417869
-9.737197,-2.1923587,10.147492
-6.7352257,-3.1336808,13.562729
-0.81127954,-0.25280324,5.8329587
-7.378807,0.6121356,12.247865
-4.3357525,3.6807902,11.074282
-1.2489206,6.293673,9.717513
-3.6345193,6.346088,12.847134
-3.3598046,4.493188,10.624904
-4.79798,0.8727871,10.430618
-5.9355497,-0.7368644,6.935716
-13.534154,-2.2577224,8.611487
-9.359908,-5.849609,10.012779
-13.199748,-3.0451653,10.143061
-10.9886265,-3.6634543,7.7881804
-0.59049577,8.666592,5.733981
-3.4265072,-2.511103,7.223641
-0.6156616,5.757624,8.507433
1.6725636,-1.0482529,-2.3800795
-6.262216,-2.8103716,11.27686
7.6499815,2.7603755,0.7340362
-1.3211684,-3.2099643,4.5827923
-0.32070866,10.326979,8.803776
-9.717103,-6.9294477,5.0196404
-8.609692,-0.35391015,9.009624
-9.292746,2.1591232,10.53116
-5.2580433,-4.1870933,14.667066
-3.0822868,-2.115789,12.692263
-1.0545734,4.4838514,12.8794985
-7.275443,-1.2794232,9.213077
-1.2512729,6.8293047,9.294328
-9.550548,-4.0380325,9.910535
-7.981299,-2.5143394,7.609878
-3.9727125,-5.562047,15.017417
-4.7428317,3.099497,12.872234
-6.843805,-7.9043946,12.608561
-6.900988,0.41320634,11.538232
-6.683283,-2.0748453,14.1695795
-11.688013,-2.9867382,11.674789
-4.920156,-7.9872046,14.630317
-2.8817842,-2.3827477,6.566497
-1.461345,2.09844,5.898919
-3.170708,5.5894547,10.736326
-3.6198866,1.8064762,12.139938
-2.9980674,-4.507721,13.453605
-5.508317,-6.802418,13.870086
-6.6724377,-0.69693893,14.334196
-7.9023266,-6.235748,12.76292
-0.18141681,10.130711,9.0817585
-8.813224,-5.7701406,10.377492
-10.136071,-5.55387,11.053299
-10.063203,-5.5165286,10.809754
-4.371728,2.5773206,10.967428
-5.323952,-8.521621,14.5736475
-6.036546,-6.1890965,13.149125
-0.043031096,9.802331,7.663515
-7.526642,-6.840171,13.081835
-0.61975896,7.817339,4.9804344
-5.2237096,-8.377943,14.3454685
-4.021641,5.7385116,11.844096
-0.75515294,-0.9115921,7.780637
0.3252061,10.245344,7.7098174
-6.761718,1.5653975,4.5552154
-2.6170063,7.5857224,9.875367
-0.22030196,8.453322,8.747221
-11.641934,-3.2161968,11.654937
-6.149135,0.46428984,11.383895
0.17728244,4.6720552,7.5968833
-5.4183607,-1.0127804,12.522425
-8.384032,-0.15672812,8.682794
-8.220177,-4.5048056,10.414337
-3.8398502,-6.428291,14.536293
1.2191756,2.1005585,8.286871
6.6906276,6.6184216,7.861936
-0.18926083,6.339714,7.7462273
-6.1312265,4.168045,13.135888
-6.848477,-2.0438786,14.406506
-5.2753663,-4.163142,14.625069
0.09697935,8.21259,8.903097
-2.5395825,7.5908604,9.8140955
-10.639054,-3.4834578,8.216068
-7.5588613,-4.1709814,10.931955
-1.272113,-3.2854078,4.624042
-6.5537148,-2.8827157,13.699694
-4.407767,-2.7099144,14.806974
-13.431318,-5.2446384,7.3117743
-1.5225297,8.1261215,8.549627
-9.467717,-6.387297,12.249602
-3.6834245,-3.270773,10.83128
1.3555408,-1.114519,-0.79808015
-9.76481,-3.529871,9.896425
-6.806293,-0.03464583,13.420845
-6.9986258,1.6282195,4.664603
2.222458,-1.5505592,0.59990215
0.667685,1.6350039,4.6426797
-6.75761,-1.070041,14.36112
-9.598479,-5.48727,9.712424
-7.293306,-5.9191904,9.629967
-10.080354,-6.985382,5.2436934
-5.8524947,-3.088893,14.538
-6.2857866,-0.6674127,13.593798
-1.0967996,8.3929205,7.562817
-1.463015,4.2409205,-11.940207
-5.306489,-1.8954597,-14.563822
-0.50214034,3.5667913,-11.012785
-3.620098,0.16540173,-9.481271
1.3148751,3.54899,-15.283266
0.03302294,-3.8535783,-12.358244
1.2932267,3.725615,-15.434229
-2.4783852,3.3935974,-9.617488
-0.5481919,1.8613217,-12.453081
-5.1593075,-1.5756845,-14.516853
-6.8040757,0.8983974,-15.769357
0.7189569,2.7509115,-12.965127
1.9066583,3.0238404,-16.016531
6.3942146,-4.7556314,-1.9945155
-3.506693,0.17776929,-9.842658
-2.3137352,-0.637881,-9.686513
-2.872236,1.882558,-10.016349
-0.5902551,3.7077942,-11.343096
5.160593,-4.4289227,-5.8659606
-8.068519,-4.409805,-8.751553
5.827774,-3.3568661,-3.070735
-1.4558524,0.49816197,-10.614978
3.7142434,-5.570632,-5.954497
5.3263564,-3.9166346,-5.920661
-1.788758,3.8102994,-13.475474
3.820603,-1.6301543,-4.733842
-5.4714823,0.056243166,-12.148103
3.372158,-7.531708,-9.540126
-1.0830264,3.0636933,-11.318977
1.3481786,3.6535342,-15.356111
2.5044668,-3.901706,-4.635941
0.22061191,1.5690713,-11.738115
-1.979638,2.2957337,-10.255513
0.11081121,-5.541536,-6.0340166
-6.0030823,-6.355181,-11.2040615
-0.6233974,-2.4307482,-10.609932
-7.277431,-5.8402843,-13.0997715
-2.1895325,2.0289898,-9.893744
-4.043493,-5.9377933,-12.347858
-5.9955654,3.1352725,-12.53609
0.55424684,2.9171212,-13.641945
-2.5548635,0.1708942,-11.398764
-6.3302865,-11.394526,-14.43784
2.786699,-6.7793274,-6.8627567
5.786364,-5.8621473,-2.487091
1.4537665,-7.720028,-4.661279
3.7382586,-3.2674816,-6.607954
-0.54370344,2.509961,-12.844543
-3.2062154,-5.0164943,-9.004503
-1.1221359,3.0519102,-11.416064
-6.5313306,-6.1706033,-16.913736
0.7051486,-1.2542619,-10.48038
-0.71036375,2.2452092,-11.983116
5.0348086,0.98492664,-2.969437
-2.6428275,-4.689225,-8.433124
3.1273935,-5.7511635,-7.266072
-0.87333894,-0.058577158,-11.505265
1.6928346,-5.5895514,-5.073837
5.0767155,-5.008281,-3.6582832
-3.163322,0.8435432,-11.815586
-2.4929843,0.44345778,-11.604154
5.6708474,-4.041752,-6.0721064
-5.2370133,-1.5334362,-12.910563
-5.145338,3.8289604,-13.031448
1.8950057,2.9864166,-15.996819
-7.3680024,-5.4103584,-12.418073
0.6753605,-1.2681743,-9.714158
-0.14038643,-6.9773498,-9.35884
5.6764393,-6.1400576,-2.5129142
-2.0524204,0.3378402,-11.076041
3.751927,-3.9606738,-4.521271
-1.2152874,-0.099332176,-10.478465
-4.665736,-5.1887016,-12.645331
-5.4633174,-3.5606415,-16.004295
-3.5329056,-0.67461306,-9.313018
-6.2862134,-11.329505,-14.356747
5.963813,-3.6350546,-3.2294776
5.0277815,-4.944126,-5.809694
-0.47390637,1.3565556,-12.519097
-7.6344113,-4.4748197,-12.019228
-0.3326672,-4.9537144,-8.832434
-1.8892939,2.544279,-10.121878
-2.4977956,0.89798874,-8.615884
-6.3422008,-0.62824506,-13.40209
-1.2832397,-0.5078429,-10.634894
-4.1221604,-1.9848198,-14.603927
0.5694029,-3.9739597,-8.934101
1.443515,-2.1425593,-8.805352
3.2322426,-3.9199753,-7.697527
-1.3617179,3.5936468,-11.308626
5.5178328,-3.956223,-2.891178
-2.373354,1.2892102,-12.244638
6.0669384,-4.10289,-2.973374
-3.3469768,2.2585144,-12.661248
1.5413785,-7.204996,-5.1877193
1.9333093,2.9898036,-16.050303
-2.1755064,2.6743429,-10.62283
-0.25836894,3.2243547,-14.042965
4.7336316,-1.5409342,-4.6600895
-6.370344,-5.0388584,-13.5756445
2.1914313,-7.234089,-5.857079
5.092777,-4.638402,-3.4330938
-1.8880589,-2.808087,-12.216421
2.7013235,-3.0965524,-5.0062838
4.44484,-2.4551432,-5.5011153
2.3087268,-6.833186,-5.758429
-7.30391,-4.417888,-12.9371805
6.483987,-5.3068957,-2.7007952
-1.4454116,3.9248233,-11.945491
-3.1141853,0.6150176,-18.28938
0.5020161,-6.2596917,-4.7122717
-8.020903,-5.214424,-14.406668
-7.439674,-4.571604,-12.654339
1.0678506,3.9023123,-14.9979725
3.1101646,-3.8257546,-7.68362
4.821945,-12.525128,-6.670394
-6.583714,1.7574185,-16.777601
0.30425796,2.9974325,-12.763375
-2.9184573,-6.3286486,-8.23079
-1.5684116,3.7520273,-10.763628
4.6019006,-3.9771707,-4.3611445
-5.040987,3.896202,-12.970389
0.4201172,-6.105759,-4.950992
1.9055786,2.8880901,-16.049984
5.0814457,-3.9679997,-5.988594
-2.901585,1.6776673,-9.839022
0.50206584,-0.7928595,-11.069161
5.091371,-4.6860595,-3.5905464
4.355046,-3.677156,-4.703176
2.1768358,-7.144318,-5.9298105
-0.5926078,3.105231,-11.769542
-3.4745982,0.39140442,-10.921228
-7.361209,-4.382858,-12.947167
0.70254415,-5.384451,-11.487
1.5454618,-7.316477,-6.065819
-1.9182692,-8.416283,-7.855221
-2.414194,0.33864185,-8.691039
0.5542083,-3.4187226,-7.636423
0.5008358,-4.0908213,-8.9906435
0.72037095,3.07679,-14.180301
0.72924924,2.9352283,-12.997392
-1.3152518,3.0060618,-10.599593
0.71461207,-3.8884912,-11.7017565
-3.5799482,-4.8842335,-9.376081
-3.7985396,-5.0024724,-9.5878
-1.4039863,1.8603892,-9.558769
-1.2972066,2.016315,-11.739914
-1.4165121,3.2334435,-12.810988
4.0637345,-5.1960945,-5.171142
2.7275116,-2.9968057,-7.2878246
5.167201,-3.6686313,-2.6682665
1.1397309,-7.3436046,-6.027138
-0.6528983,-9.833108,-8.343923
3.8408654,-3.2576623,-6.420036
-1.0300148,2.9827042,-10.182018
-4.8918233,-7.524064,-10.636158
-3.3652837,-3.4291263,-11.521186
-2.409971,0.84428775,0.1595256
0.91432786,-4.7257285,-10.087875
0.9805619,-1.5922436,-10.021303
-4.2199826,-5.1232066,-9.944058
-6.0837083,3.0596864,-12.50989
-6.6497455,-6.42086,-11.298219
0.5148465,3.0093098,-14.210736
-3.38274,0.14379668,-9.643675
4.3303633,4.0446944,-3.228509
1.9076734,2.9600322,-16.01118
-2.5884721,-5.726912,-7.47365
-4.990619,2.23898,-15.647535
3.8096066,-3.4105978,-4.7276206
0.9717835,-7.98441,-8.1498575
2.0162716,-5.50561,-4.9937663
-8.247745,-0.1528964,-15.248252
-5.8172703,-2.0801866,-11.787992
-1.5661013,0.32735714,-10.5082035
-1.2471088,2.1871886,-10.999508
0.45442873,-3.419651,-7.4865994
-2.1691058,2.8685648,-11.595285
5.9379334,-3.926598,-3.137209
3.4659972,-4.0669193,-4.343687
-0.15181266,-2.276065,-11.916575
3.5280612,-10.61935,-8.557124
0.8730744,-1.3480698,-10.324075
-2.300559,3.656701,-11.447038
1.727369,2.9112923,-15.804447
-0.5486003,3.503145,-11.050508
-5.2495923,3.565056,-12.715693
6.4374523,-4.430442,-1.9394579
-0.24384448,-2.2738469,-12.241593
0.21747202,2.2522378,-14.507788
6.4169936,-5.642609,-2.6543784
0.13151348,-0.31214073,-12.131693
-1.0111802,2.3035817,-10.467927
2.4129918,-7.5990205,-5.320817
-3.5302274,-6.8188353,-11.014097
0.7172606,-5.523109,-11.570793
-4.2031746,0.2564874,-11.048899
-5.7119403,-1.4678736,-12.258737
-7.1725445,-1.502838,-12.942028
3.2762556,-3.8697526,-8.314585
-7.4220433,-4.6013846,-12.658537
-0.4064708,1.7738847,-14.330259
-7.417332,-5.5399227,-11.922875
0.8085565,4.052571,-14.485404
-1.777678,-1.0383786,-9.683459
-1.8008503,2.2764094,-9.955271
1.5667787,-2.979798,-8.313481
-5.3740973,-0.037768397,-16.219194
-0.6444961,1.8192927,-13.031806
-0.66975266,1.7822495,-12.967239
3.096988,-3.7588542,-7.813271
-0.7126362,-1.9586785,-10.559372
-0.97624314,-0.96767664,-10.549884
-8.814226,-0.5721673,-15.715567
-2.333599,-3.3710158,-17.71364
5.1150293,-4.8091445,-5.6092305
-4.6315055,1.0343581,-13.454282
-3.4072764,-3.4190238,-11.518215
-4.7134304,-7.48007,-13.273185
-4.77921,-1.2358258,-14.724426
-2.83992,2.8389313,-10.970603
-2.424691,3.0325098,-10.926237
-2.1758218,2.2331083,-9.382765
2.0440953,-9.115123,-7.561333
-6.375372,-1.3075886,-12.270656
1.4301981,-2.4073145,-8.568456
3.3678596,-7.475196,-9.580551
1.8362345,2.9871688,-15.957199
-4.7608666,-5.4805365,-10.26165
-6.3109174,-2.9604182,-11.708967
6.1999497,-4.3601003,-0.80475664
-7.129214,1.0698193,-12.780129
3.8490813,-8.651757,-5.408392
-5.1144795,3.8219066,-12.948819
0.5329198,-4.523726,-9.971164
2.7594829,-3.1304786,-7.513823
0.8570681,3.403307,-14.613591
4.4945087,-3.7348735,-4.545577
-6.269537,-11.342939,-14.004206
-4.8301573,1.3945469,-9.857366
-1.6642442,0.5383024,-13.506291
-6.4502153,-11.092707,-15.286858
-0.9653516,1.1200793,-15.056765
-2.435626,0.81881195,-8.85185
2.9075186,-8.627777,-5.134296
-3.6367545,0.44993138,-10.847494
-3.354135,3.641114,-12.680006
0.34098324,-3.87854,-7.3344545
-0.38598087,3.104777,-11.984856
5.431197,-4.86947,-4.9098706
-5.927794,-10.798702,-14.482136
0.12969045,-3.0151358,-7.3931913
-3.2707124,3.5191755,-12.609797
-5.187516,-3.762047,-13.922449
6.1787667,-4.342187,-0.75129306
-0.94835746,-1.0117931,-10.181912
4.229012,-3.5843992,-5.580439
2.903347,-4.2174654,-7.5662723
-5.918322,-5.6424427,-5.8757443
-3.000244,-4.959492,-8.759017
3.0032501,-3.575008,-8.586975
-4.551612,-0.7578224,-19.412899
-2.8768377,-4.814033,-8.6430855
0.18611489,-5.610392,-5.911498
4.1430244,-5.493728,-5.9065223
0.30232394,-5.7033615,-5.7522345
-1.2964604,3.3283386,-12.76207
4.175942,-1.9215256,-5.0673776
0.7117724,4.159798,-14.344408
-5.1768403,-0.93245596,-11.25947
-2.7854943,-6.057049,-8.127948
-0.21872225,1.9460076,-14.197232
-0.5596537,-3.3896794,-11.56669
0.4485662,-4.552672,-9.911096
-4.4404244,-3.4231355,-2.035181
1.0984126,3.5172155,-14.017739
-6.991884,-1.3277103,-12.897527
-0.4851329,1.5717645,-14.328738
-7.103807,1.064057,-12.783354
5.6070666,-3.9043214,-3.184458
2.28591,-0.96092206,-3.7504048
3.6514935,-8.648025,-5.2442193
-6.5207334,-1.1794556,-20.870686
-2.978117,2.3062665,-10.992049
1.6887125,3.44954,-15.79444
-0.7560292,-0.35012513,-8.875166
-1.5804067,-2.2320788,-11.753363
5.5161023,-3.0448136,-6.138629
2.63764,-2.929509,-6.3161044
-6.798385,-1.2466162,-12.83267
3.5175498,-8.4282875,-8.452979
5.7523847,-11.879562,-6.468995
4.198864,-3.6432798,-5.7652035
-2.5979266,-2.4782746,-9.390668
-0.1530457,0.062071588,-11.65688
0.5559829,-3.333911,-7.4909797
-0.6694104,-0.3751305,-9.005522
-8.107019,-5.246891,-14.470194
1.9194653,2.9949434,-16.046818
2.2538204,-2.6908197,-5.543967
-6.120143,-2.337216,8.125663
-3.0284266,-2.2669885,3.7268927
5.1059422,3.7649095,3.9957652
-12.085501,-2.0117478,3.6518307
5.0945926,0.5723652,13.173528
7.141945,6.3519273,9.504639
-9.740416,2.0240717,8.491561
1.3132234,-1.3160753,0.26764035
-11.226488,-1.1261162,11.724173
-9.566031,-1.5783376,7.6021776
2.9641752,8.496159,7.383675
-4.3411255,-0.65136254,5.117927
-1.2672336,-5.2907047,3.9212763
8.87129,1.4998969,3.2420418
3.7853322,1.295218,-0.58549464
-4.1340337,1.3482177,14.250046
-4.7608104,0.6730972,6.147208
10.089253,5.0568323,9.390578
-10.725999,1.0421814,9.515674
-0.49861357,-2.7826226,-0.58640665
8.443276,1.3415805,4.055785
4.047428,0.8694961,-1.8332043
-4.21152,-0.6722375,5.0053873
-0.7191262,-2.263804,-0.09991546
-11.191689,-5.0638275,7.853197
10.0035095,4.640544,9.248339
-1.5920694,-0.46577573,4.642323
-1.1754651,2.4625797,5.624409
-1.6344459,-1.1400484,3.4420962
0.19303606,-0.4254386,2.881314
3.3704355,1.5101314,1.8592457
1.33057,-3.9326556,5.006287
-3.39234,-0.6952432,4.949368
-4.243024,-2.6020415,9.651037
-5.8859105,4.087096,13.160358
5.0576615,1.6719905,5.319382
-2.2419102,0.19832236,6.3085556
0.3312638,-5.330814,1.4490697
-9.692286,1.5699203,9.562099
6.045644,5.4803233,9.71147
-5.452925,-2.9911957,7.0137286
-10.470091,-2.877444,7.9806523
8.909707,4.4843125,13.873145
3.8223922,7.71766,4.649682
-2.5846632,-2.5362391,6.1214695
8.818218,1.6001309,3.3950787
7.7589955,4.006682,5.3074913
8.511559,7.960962,8.447227
-8.963527,-3.6357338,15.165689
-1.0856643,-0.4841467,4.3490314
0.31767812,0.77237666,0.4524887
-10.34264,1.0514736,9.1822605
-5.4512353,-3.2968826,5.6633534
-9.637419,-7.6423244,9.143756
7.0991464,2.559708,8.192474
7.7116327,0.7448454,6.3571944
-7.0762734,-1.7283978,6.512482
-11.17031,-0.39910042,9.719131
7.924582,7.143092,8.103621
-10.961028,1.3378013,13.846335
2.6700053,-0.39908835,14.2175665
9.101888,2.249288,5.161564
7.5798664,1.1716294,13.2606
-12.42031,-4.548882,10.2676935
-3.5328054,1.0477111,7.4348025
-2.7449918,0.97699755,6.0609064
3.0013747,-0.6856995,-2.101839
-3.572413,0.19816302,7.1582203
5.741115,0.38817823,5.953531
-10.635972,1.016529,9.405966
0.91359395,-1.2259744,13.971926
-6.2584577,2.0314035,7.9586744
0.57371414,0.064442195,1.8181422
1.9324089,9.72802,10.319997
9.000764,1.0733778,4.9985485
1.0758576,-0.7929626,14.085163
4.236482,3.7334108,3.3696253
9.721873,3.694834,13.075765
-8.538072,-7.7118735,5.4944253
8.105476,6.8626037,9.2487
2.590699,-0.9671186,-0.42883724
-1.9988012,6.2344046,11.38029
-0.7365295,-0.15682,4.318299
7.587864,6.9860387,8.305242
2.8976932,2.7941537,5.9470406
0.18019503,-1.3232081,7.5432153
-8.2937,1.6952037,11.112592
-6.643602,-3.2291443,12.89639
0.0618369,-1.4122199,2.1763875
2.1272306,-3.8837888,0.31883222
-8.084205,1.4703089,12.623369
-1.7915363,-1.7450423,3.056042
0.77797896,-0.759197,1.2312846
4.413491,4.5022264,5.3079906
-8.116406,-1.6595488,6.4088817
-11.766762,-4.251735,7.604613
5.565426,3.8456652,6.199104
0.5272942,3.602137,13.59451
1.7767057,-0.51270634,-0.099003844
1.3342919,4.9273863,8.187475
2.7609484,0.18958963,15.006683
-9.436444,-2.552437,12.9088745
6.478564,-0.101495974,5.228734
-10.180915,-2.5707612,8.353208
-3.2380958,6.401726,13.165515
6.0539804,3.1278815,7.3314023
4.2438006,4.2208138,3.103617
-10.113627,-6.9697404,9.9958105
-3.8583996,-5.544117,14.949003
-0.26571274,-0.4504588,3.1585257
-5.327125,2.1452746,7.9560766
2.0090113,0.04019442,12.90811
6.6218276,6.422574,10.631504
-3.3693774,4.3740044,12.222078
0.30906975,-1.899921,7.740251
-8.391513,1.5773122,8.604594
3.5679216,-0.08123122,-2.136996
-11.641272,-4.91617,11.030635
-3.376569,1.5773125,9.412512
-1.4138782,0.106546275,7.366688
3.4004927,-1.5529854,-1.6653513
-10.704214,-2.2259057,11.915471
-8.335362,-1.68701,6.304582
-5.3358192,-9.686635,11.807845
-1.1156389,-4.270795,3.6376615
6.021138,4.14391,5.823929
4.8921747,12.506454,3.5002093
0.370303,0.3411214,13.836586
-11.901131,-4.048523,11.330542
-8.155194,-2.1696055,5.21185
4.618461,3.4289942,3.0751414
-3.4645314,-2.5230796,7.52111
4.4238205,3.3689997,7.899836
-1.7599155,-0.09623715,4.1402597
5.229389,-1.7554924,4.004209
4.6840954,0.83998173,-1.5144658
8.179243,6.983287,9.328959
-11.082068,1.2297838,9.263178
12.812061,12.591968,-3.6709177
7.826885,2.6426926,3.2895772
4.0642405,0.47277915,-2.0042315
3.8256254,6.700813,-0.21846497
-2.0114152,5.3565683,11.492242
-3.4959679,0.68543464,7.885944
-0.9579666,-0.9900856,4.463676
2.802345,4.7723985,5.086921
0.1545544,3.794948,7.538456
-3.596597,-0.7916188,5.60391
-8.708821,-1.6650783,7.2944922
-8.78876,2.1413918,10.937766
2.8744252,4.76754,5.25923
4.0884094,-0.508964,2.6975534
-10.956424,0.2821595,10.078276
2.0715103,1.0320172,-2.1743197
5.2039657,2.991933,-0.3429238
12.249987,3.5021822,9.457697
-3.8670616,0.7685335,11.086966
7.8303065,5.2571063,7.3490553
-2.4011986,-2.6787958,5.2548537
-3.9112625,1.6471552,7.2307143
-0.8247027,-0.11825429,3.9359455
-7.9952364,-2.1585767,5.0179796
0.3429668,-5.3352566,1.428597
4.981856,0.41920093,13.148628
-1.5461323,-0.04291493,4.972693
-9.622218,1.1615447,8.836774
5.0821705,-1.213848,3.7912672
1.8244348,2.388615,15.366166
-7.318287,-1.072522,13.247426
2.9814105,8.428891,7.567543
-4.7083254,-2.3164988,10.360303
-6.609689,-5.027076,-3.6405437
-3.8371527,-0.835271,5.084437
1.2162507,-1.1342167,-1.015103
4.7811885,-0.8250486,0.7182408
1.35102,-1.0182706,-0.9863852
3.8824766,-1.2274892,-0.039693233
1.8746448,0.14467555,12.687959
0.37933454,3.4180872,13.289356
6.9209795,0.8127739,13.109771
1.9938167,-1.8215643,-0.8751783
7.2143745,0.6211149,1.4812274
10.285769,5.4492636,7.444347
-11.832975,-0.5277148,9.111889
1.8478361,2.3405137,15.394812
3.8670974,7.661539,4.584274
3.2542417,-3.1695316,-0.25085557
5.5584097,1.6068649,-1.4347417
2.918835,8.410951,7.1583767
6.325526,1.6176342,7.442174
4.86706,-0.05230565,0.13795051
-12.417688,-2.7510722,10.913063
-1.4890252,1.7877029,5.6513343
-11.910919,-2.3429906,4.5697575
-12.316019,-4.590942,10.358975
-8.244875,1.7067717,11.086406
2.2597446,-0.8806101,-1.5882089
-10.99228,-1.4568669,11.908443
8.823056,1.4521724,4.1235285
-0.14768784,-2.7209034,3.926162
-3.4143114,1.0079517,7.4041934
7.9396577,1.827741,11.232822
3.7629204,0.27797765,-2.3933146
-9.075971,-0.5340447,7.218539
4.828921,5.0142665,9.693465
-4.0704536,0.5595363,7.8484955
4.785007,1.7481606,2.461347
6.4509997,5.9897175,10.240956
-1.9527535,-0.70718306,4.158348
-10.413133,-1.8089845,7.9452105
0.8072554,-1.2071427,1.7473301
-1.418634,-1.7008152,5.1826506
-8.506392,1.2794842,11.2416935
-5.2877784,-9.771046,11.77294
1.1862106,-1.264923,-0.8935829
2.091076,0.095080175,12.633771
-0.6552999,-0.4395458,2.6560967
11.596089,5.15758,12.329763
5.275577,-0.912936,-1.1424
-12.659964,-4.2784996,10.2677
10.485757,3.5048661,9.607687
5.252514,0.8333543,13.294944
9.318244,7.1853156,10.664755
1.3145169,-0.91029567,0.42891583
-6.543739,-1.2523762,6.252487
0.4943539,-0.73440754,1.7270669
-10.954802,-8.25787,12.571518
2.191122,1.2866057,15.034718
-6.289978,-2.691304,11.238828
7.370067,6.578845,8.07146
-13.39284,-4.755971,9.799426
9.49218,4.3860397,13.542025
-10.293497,1.2994142,9.288457
8.746206,3.630225,10.24034
1.7366201,-3.5032413,-0.909534
-8.584498,-5.1770153,12.220041
-13.087336,-1.9149562,8.560659
-9.100314,1.9634093,10.741699
2.7069852,-0.5691847,-1.81898
9.426847,2.3087327,3.4688442
-5.000938,-2.727288,9.935091
1.9025967,8.547477,10.798737
-3.9344256,0.42603838,7.496067
-6.425195,-0.8376534,8.747162
-1.0450166,-0.5652322,7.5013003
-4.0777535,-0.3667437,6.4819145
3.5177982,3.997081,5.4529376
-12.979502,-1.8710443,8.558546
7.1244016,6.1737237,10.293772
3.7728066,6.93788,9.691585
5.3302865,9.858578,7.519571
7.733012,1.3044398,13.232258
3.880513,5.551571,5.500433
8.457985,1.4461342,3.389064
6.21626,1.0963117,2.0983646
-11.99606,-2.1482382,3.3587005
-9.83866,1.4790668,8.902389
4.9443526,-1.3650706,3.864418
2.1875198,10.038204,11.402298
6.3623247,0.79190266,13.070888
-4.7287326,-1.0048143,12.402458
11.463719,2.3526616,9.578319
-2.9547353,-4.225347,13.697694
1.9169122,4.586677,8.176496
4.2381296,0.34495306,13.07926
-2.7712612,-2.924382,5.1887064
7.0930943,2.230617,9.436318
-7.998932,2.3080332,10.776045
0.523199,6.4618216,11.697815
1.1034038,6.9831986,2.3794916
-1.4500253,-6.5729647,4.6397266
7.9683094,-1.3917135,6.813145
9.498206,5.678841,9.121553
-1.2881638,-4.0216236,2.422826
-8.243457,-1.804956,6.3978252
-8.813719,-3.3649867,15.001103
-3.44359,6.2226276,12.505631
-1.8764459,-0.10157677,5.4166007
7.489034,2.4518561,4.288273
0.71757925,-0.7758836,1.4863485
4.6643143,4.968906,5.314223
5.839634,-1.0310116,0.37537977
7.1825175,0.33316037,13.981085
-1.7785783,0.064368665,5.3322287
-1.5867295,-3.5675085,1.7465233
-9.092733,-1.6967701,7.85692
6.2660875,2.588337,4.1826825
-2.2999773,0.8311072,6.837412
2.9046497,-2.065847,1.8212336
-6.46179,-2.992662,13.709777
-8.691053,-0.3603253,5.2966084
-4.9828444,-2.777827,9.678098
-1.2499365,-1.173502,3.0317452
-10.002335,-0.110241294,9.185721
-8.186278,1.6581995,11.05457
-11.917946,-4.2598658,7.448873
8.008624,3.2253635,11.826058
-6.7750077,-1.4944484,6.3294077
8.049082,6.876716,10.281192
8.998526,1.2597436,2.7594185
-1.8592966,-4.8188543,-12.0918455
-5.853363,-9.817182,-13.131685
-7.747816,-1.2632459,-19.84477
-4.615794,-10.399164,-12.164864
-3.8435435,0.76607937,-18.287647
-8.198728,-1.5134412,-18.503757
-8.617341,0.2905162,-18.157629
-2.7807698,-7.9774256,-16.18166
-5.6143165,-0.59695935,-18.68507
-2.2863257,-7.445947,-16.161451
-4.6706986,0.97572446,-14.827676
-2.6472054,-1.6376379,-17.537628
-6.5865126,-2.3998744,-17.348698
-3.5846066,1.9670464,-15.957573
-1.7930173,0.46855983,-15.425705
-5.721901,-2.4987316,-16.854708
-7.2590985,-5.7092376,-16.68961
-5.8556533,0.33606505,-16.67651
-7.1856728,-6.3223433,-15.676127
-6.873519,-0.3430594,-17.543959
-4.1260996,1.0719362,-14.5477295
-1.369231,-7.4277234,-15.951254
-2.3139584,-8.61424,-14.4199705
-7.2383785,-0.7456073,-18.114464
-4.42696,-7.6910663,-16.430592
-4.0195284,-9.53176,-9.402393
-1.315745,-7.010858,-15.0147
-5.3753233,1.1162335,-19.382288
-7.573693,-6.613335,-14.753648
-6.6099963,-2.9934833,-20.495216
-2.0476828,-11.034029,-8.6490555
-7.4267592,-6.0141363,-15.965994
-2.3606794,-7.2965436,-16.36561
-0.36076123,-0.80504066,-13.312829
-5.678092,1.7512805,-19.223879
-7.2381473,-6.2943654,-15.618372
-2.9470496,-8.129614,-14.930523
-4.687592,-1.3957912,-18.341513
-4.6777334,-10.787177,-10.905594
-5.1755476,-4.006833,-18.44321
-2.9942648,-10.665379,-8.078815
-6.123277,-11.412802,-12.185535
-3.8377209,-8.985976,-14.77599
-5.1243033,3.0404022,-17.932571
-3.8978753,-2.8269153,-17.528503
-2.568708,0.17641473,-16.84456
-4.2742496,-2.3601787,-18.777866
-6.865948,-4.090323,-17.83561
-5.931272,-9.839707,-13.226209
-6.1305766,-6.288764,-15.077301
-5.334684,-0.96768945,-17.115263
-7.7180037,-5.876081,-16.71561
-3.8575823,-4.179322,-17.299824
-7.2586384,-1.3292153,-17.966326
-6.223555,-2.0994577,-17.0673
-2.3301647,-7.080504,-16.481358
-1.6616285,-7.4749546,-15.715458
-3.095756,-8.172856,-14.710541
-4.672222,-9.887124,-12.615334
-7.2240453,-2.1947591,-16.226019
-2.557241,-0.068868905,-16.491625
-7.33339,-2.0637825,-15.430447
-8.076756,-3.2210083,-16.14886
-4.343325,-11.149322,-12.514517
-4.3197503,-11.224994,-10.867218
-5.4491196,1.8185415,-19.008673
-1.922228,-6.876274,-10.380871
-4.699929,-7.5678334,-13.100025
-3.4816418,1.2804734,-13.995921
-4.3269954,1.0707211,-19.003962
-4.771843,-6.6560984,-16.029112
-4.6379447,1.243116,-18.012615
-3.1684008,-11.384353,-8.498904
-7.651593,0.3555652,-17.949783
-6.835336,1.9215351,-18.870264
-9.313031,-1.3333416,-16.994837
-1.8549781,-4.529092,-10.613981
-6.2642827,-2.8515744,-15.872395
-2.0301569,-8.214262,-14.14186
-4.7026525,0.15088107,-15.879334
-0.02812348,-4.7343526,-10.51377
-4.531856,2.5771008,-17.358082
-1.9427917,-9.769101,-14.146004
-3.478667,-1.0104507,-17.216633
-5.311749,-1.4624183,-17.965551
-4.3394694,-0.67951477,-15.5908575
-5.5317373,-10.64561,-11.009326
-1.6624802,0.46035767,-15.249427
-1.8717391,-7.412181,-15.971283
-4.0111685,-7.3283544,-15.997136
-6.409372,-3.2118723,-18.752272
-4.500358,2.7419283,-16.979319
-4.798687,-4.173352,-16.115889
-2.4729564,-1.8322761,-15.329295
-5.4255986,2.1204052,-18.88715
-2.0289047,-8.014859,-13.660351
-7.91801,-3.4214008,-17.220013
-2.8781621,-8.01452,-14.768769
-4.6349597,-1.7607738,-16.983541
-6.948737,-5.559425,-13.783575
-1.4892533,-5.6494775,-15.940624
-1.5677407,-11.322794,-7.994808
-4.039919,-11.23308,-14.175708
-7.3841696,-1.7768575,-16.625008
-1.4341414,-4.381803,-11.01924
-5.5585737,2.6167846,-18.59939
-7.6984105,-6.133848,-16.115734
-4.2009854,-2.8309069,-18.925753
-6.019107,-0.6437415,-17.96475
-3.6201072,-3.474895,-16.841276
-3.9186115,-1.2191157,-15.847911
-4.9004374,2.9931276,-17.724483
-3.111401,2.0241892,-15.648348
-5.886224,-2.1986842,-16.676764
-2.910794,-0.5036351,-16.753004
-3.4134285,-7.632453,-15.863446
-4.077385,-7.9597783,-11.722019
-0.83608276,0.368807,-12.234267
-3.901132,-6.8298154,-14.395355
-3.8886404,1.1876402,-16.628742
-5.5623527,-8.091657,-18.09035
-6.092081,-1.0655284,-13.107179
-4.1502185,1.5308816,-19.866425
-7.934605,0.9938992,-18.428747
-3.7260962,-4.563682,-16.993483
-3.7154408,-0.3433495,-14.507281
-7.068529,-0.0035299435,-17.741667
-3.7636034,0.68824553,-17.795952
-4.211443,-1.998785,-18.447634
-7.4871397,-3.3587058,-17.736887
-5.122816,3.1195774,-17.833305
-7.1744127,-2.5385954,-19.182425
-1.443986,-3.2282946,-11.841104
-5.3182964,-1.5403256,-15.841017
-3.3352969,-0.76997894,-16.172688
-4.0530868,0.9630965,-15.581461
-1.5406829,-4.764571,-12.779482
-8.67466,-3.0706737,-18.556393
-8.01702,-2.6092372,-15.932589
-4.3968368,1.4875962,-14.287237
-7.872296,-3.528152,-19.165213
-6.382793,-2.2695038,-19.275164
-0.9715606,0.5250414,-12.658452
-1.0730097,-0.7714652,-13.622824
-8.707531,-1.0300634,-18.61181
-2.1214888,-10.729434,-8.282691
-3.7395291,0.22754562,-19.762218
-9.396451,-4.6438675,-17.074867
-6.0367713,-12.289697,-11.999442
-7.2525263,0.07573236,-16.917185
-4.8512983,1.5632675,-18.874937
-2.0766773,-7.663528,-15.936958
-9.618644,-0.49170187,-17.40195
-1.4924111,-4.7520084,-12.631059
-3.9827018,-6.628185,-17.08769
-2.8908706,-7.8953547,-14.512248
-5.504292,-0.41657442,-18.890196
-9.207058,-0.6738703,-17.064371
-1.4858506,0.076571494,-12.409475
-5.686875,-0.12329877,-13.885051
-6.0318346,0.2783011,-19.941542
-2.3982882,-11.402651,-8.752763
-7.3889537,-2.8534722,-17.860546
-4.133354,-7.5662146,-14.891603
0.29271948,0.019086588,-13.358044
-1.0118395,-0.332077,-12.881968
-5.386155,1.5151156,-20.121971
-6.4694314,-5.3823147,-13.616205
-7.2194963,-5.6605096,-16.946455
-8.016099,0.91665435,-18.269274
-4.9545727,1.8643924,-18.807526
-4.078162,-6.7477565,-16.821451
-3.071034,-8.414675,-10.608269
-9.415719,-4.6261673,-17.08619
-5.7544155,-3.317475,-18.427576
-2.4216948,-8.318936,-12.93386
-3.5122688,-0.26725098,-17.125914
-5.8363295,-9.462401,-12.903498
-3.348529,-7.764254,-15.501732
-6.720818,-1.425121,-19.827328
-4.4673133,-2.116331,-17.538391
-1.2333541,-0.33825013,-12.937041
-4.698762,1.5999343,-17.8497
-6.9818935,-5.471689,-16.009068
-3.3604043,1.7833096,-18.872719
-3.038224,-0.3292617,-15.376391
-8.317652,-0.3088841,-16.052317
-8.915482,-0.29115725,-16.608706
-6.156693,-3.8234596,-19.475037
-7.0275545,0.41038352,-18.432253
-6.175315,-8.830844,-14.800248
-5.7953773,-3.083282,-16.528786
-5.6086187,0.5154568,-14.7669325
-0.26244363,-1.5858566,-14.165005
-5.548325,-0.21278705,-19.428377
-3.96173,-0.8053193,-18.582388
-3.3086927,-4.3950253,-19.709349
-1.8011799,-0.13250229,-12.462628
-4.3788395,-10.415108,-10.456806
-3.9942276,-6.6605725,-14.57114
-4.960558,-2.7123113,-16.189053
-7.518742,-4.44975,-17.886602
-6.52854,-2.2339013,-18.954662
-4.4419837,2.489078,-19.248766
-2.7000122,-8.102726,-11.595075
-5.7257934,-3.0563085,-17.232075
-7.8935633,-3.673832,-19.15154
-4.511994,1.5671157,-18.378298
-8.562752,-0.49793372,-17.843826
-4.1879215,1.16519,-16.339981
-1.8073572,-7.7679114,-13.805975
-2.0047903,-0.951644,-14.8734865
-3.955233,-11.348197,-14.245362
-3.2795582,0.4424463,-15.479669
-7.0673094,-5.8416405,-16.11657
-1.5452167,-4.186207,-11.92647
-3.4712179,-8.233741,-14.897311
-3.856174,1.1736497,-19.3826
-5.53569,-4.3747334,-17.801682
-6.6689696,-6.0603085,-14.875091
-5.983137,0.43005967,-14.55346
-3.80679,-4.156213,-17.302965
-5.476706,-10.052372,-16.606867
-5.409661,-3.9469643,-18.34806
-1.6869837,-4.3893466,-13.256619
-0.7167495,-1.3540807,-15.102261
-5.5878897,1.5216352,-14.713233
-2.8685544,-11.813656,-7.7111855
-3.595239,-0.7212453,-17.072704
-3.5637207,-7.2918596,-11.259267
0.7139378,-7.632208,-8.037395
-3.6151066,-3.697171,-16.924715
-6.2472057,-8.366894,-13.688408
-7.627974,-2.018075,-18.823444
-1.8851644,-9.931194,-14.1998415
-6.1261225,-2.998156,-18.388412
-4.4100776,-2.0161424,-18.776508
-4.7297845,-0.077368125,-17.580189
-7.358129,-5.8056593,-16.45247
-7.391595,-2.0600047,-18.959824
-7.140372,-7.2537446,-15.2551155
-6.5146794,-0.9654567,-16.521797
-3.2906897,-9.687853,-14.078796
-3.8467944,-1.9208401,-16.181116
-7.2256517,-1.6936896,-18.250814
-7.683901,-3.0586772,-16.837185
-1.8400787,-3.1540613,-10.668761
-0.1817653,-1.0010737,-13.490196
-5.766986,-0.9602416,-17.526579
-0.1221338,-1.4388034,-13.919304
-2.5760143,-7.7598,-10.824559
-5.9088387,-1.050593,-13.25166
-3.9556322,2.1893272,-16.692026
0.37204304,-11.878102,-12.321259
-4.5239134,1.7712531,-18.347967
-3.3496444,-3.429872,-16.686312
-1.9057198,-3.7106297,-13.660966
-5.6768446,-2.1218529,-17.680534
-4.600919,1.2431841,-18.896223
-7.336566,-0.67264277,-19.783909
-1.7238753,-7.5857964,-15.655763
-6.95415,-1.1786981,-19.31691
-3.8985882,-6.381985,-17.321653
-6.235067,-2.804215,-19.238705
-6.8807764,-5.0375066,-16.862696
-4.91591,-1.0869986,-18.084145
-1.6623269,-3.0497346,-11.724559
-7.893929,-0.20779854,-16.688261
-4.3630385,-1.6622453,-21.006367
-3.8878465,-11.343132,-8.882978
-4.646606,-1.8499929,-18.406118
-6.1871004,-2.2518609,-18.879618
-1.1693765,-0.7977139,-13.562721
-6.8813157,-5.4464517,-17.686424
-4.4865446,1.5532103,-18.91322
-5.0149994,-3.1317308,-16.59364
-5.028111,0.83051974,-14.567401
-5.8473253,-0.9700775,-17.867216
-4.717045,1.8766601,-15.6672535
-3.3988788,-4.3306108,-19.633955
-2.2088947,-8.138715,-13.087677
-4.388558,-1.8365966,-18.98792
-6.861365,-6.0973086,-15.440572
-4.283595,-1.1618748,-18.249825
-5.413389,2.0892336,-18.829573
-5.3660007,-10.082192,-16.070843
-1.644135,-13.449437,-6.2381277
-5.5208783,-2.2927911,-14.677019
-1.7380463,0.20521407,-15.28322
-6.7939143,-3.9933522,-17.885572
-4.154756,0.6927026,-18.51041
-5.3369136,-12.551903,-12.157792
-4.2823806,-1.7340269,-20.886923
-1.8553541,-1.2906585,-14.059505
-3.3912194,2.2922802,-17.032211
-8.063731,-4.936887,-14.458726
-7.147688,-6.1863704,-15.636605
-7.2276015,-6.456892,-15.233608
-1.8779469,-7.909966,-13.787348
-3.243469,-1.4964694,-16.181211
-5.8975234,-3.0489922,-2.889759
-7.896876,-3.76693,-2.3838136
-9.07811,3.9466155,-1.2026993
-8.338443,-4.0585957,-3.7851057
-11.958207,-4.7883162,-3.357615
-9.979337,2.8773685,-0.019810177
-4.20815,-3.422366,-1.6941236
-5.8027825,5.7965107,-0.51769537
-4.2301497,-3.9674551,-5.5745854
-9.326077,2.17496,-0.67849255
-0.016984815,5.4486527,-0.47942665
-6.3331666,2.0737867,-1.4037608
-11.34424,-1.3696918,-0.621758
-0.41165254,6.8507323,0.9681889
-11.011101,-3.3725212,1.4312639
-11.01956,-4.8174825,-0.7498659
-11.722436,-4.83277,-4.278022
-9.899541,3.1126347,-1.6689855
-6.658093,5.337799,-0.30127987
-8.381418,-5.060586,-3.258134
-3.605875,5.20803,-0.049530964
-8.016905,-4.151652,-4.1972785
-10.06166,2.2312582,-1.8828772
-0.14072165,4.8576007,-0.65228677
-3.6395996,1.5290208,-0.7537281
-11.633582,-6.1486163,-3.9498165
-3.9183683,1.8669844,-0.70891035
-0.32171133,6.6330028,0.02889315
-11.963867,-2.0349462,2.9145098
-6.5582814,4.2725534,1.7485603
-9.467388,-4.7225647,-7.662574
-8.359254,2.6137133,-2.4583664
-11.968491,-4.759173,-4.7692876
-5.1455874,5.5319886,1.3368157
-6.6089425,-3.6854746,-6.780227
-7.674435,-4.508152,-8.418025
-11.01422,-5.064092,-4.789072
-11.899012,-5.8240786,-5.13191
-11.645225,-2.6690056,-0.032643206
-8.918586,-4.701242,-7.7920623
-2.3171809,-1.4040605,-12.941466
-4.9362197,1.8031621,-1.1064873
-9.489639,-4.567414,-7.413823
-8.308458,4.0324345,-1.674958
-9.65525,-4.889493,-8.185774
-9.528256,1.8200452,-0.6904509
-8.851357,2.367726,-1.0600151
-10.0114565,-4.8298154,-8.887933
-8.407838,-5.792544,-7.5763073
-4.1764355,-2.84099,-15.207239
-10.230766,-3.9795942,-3.9098492
-10.193966,-3.6434693,-7.54249
-2.1056266,7.015956,1.168441
-9.811975,1.5741413,-1.0022027
-0.78401935,4.5453362,-0.72612005
-8.057625,-4.5010653,-4.560154
-5.090142,5.4811993,1.3691965
-7.482706,4.396017,-1.2022513
-10.292619,-4.7024336,-5.80018
-0.6422246,-3.2339962,-0.5995265
-6.5124106,4.2323575,2.4072516
-9.9200115,-2.206235,-4.279659
-11.813314,-3.3065295,-0.8769551
-11.010727,-4.6636415,-3.7835035
-7.117759,-4.4130955,-6.40074
-9.289513,3.6660936,0.5533047
0.5381506,7.295735,-0.37129873
-7.02244,-4.399502,-6.1211557
-4.765182,6.651215,0.052249275
-8.026621,2.2051885,0.8104202
-11.518217,-3.0047057,-1.0894786
-4.944529,6.270759,-0.33622774
1.6807618,7.3584843,9.993334
-6.936129,2.304322,-1.7157278
-3.821179,5.0319085,-0.6810765
-10.9850645,-2.7953613,-6.0797467
-12.187151,-3.989792,-1.0610459
-9.116863,-0.52227706,-3.0013652
-6.4194193,3.0857127,-1.1616768
-5.3772306,2.4059393,-1.4707206
-6.602377,4.2487097,3.310395
-11.89801,-4.814955,-2.6158278
-7.019238,-4.298226,-6.148232
-11.572603,-1.5877845,-0.12922695
1.8266177,0.7194178,-4.7468443
-11.674811,-3.354247,0.97173697
-3.634304,4.018509,0.017293755
-4.441273,5.796758,1.0305352
-11.573835,-6.4491014,-6.419035
-9.2366,-4.1406603,-3.4736326
-10.418074,-5.22403,-3.5787761
-6.516936,3.259629,-0.1869334
-12.657109,-4.200759,-2.507668
-11.329545,-6.4394927,-7.03353
-11.562084,-4.5549507,-6.337741
-10.891072,-4.2130704,-6.906659
-10.038299,-3.8702502,-3.3025873
-3.2887528,4.353862,-0.80837584
-6.7634225,-5.1901526,6.1183367
-2.6453094,-1.8798594,-12.737151
-7.380236,3.3754354,0.85559124
-8.261885,-4.808515,-7.101107
-4.491507,2.4398484,-1.6557477
-8.4948845,-0.6813161,-2.8881419
-10.737723,1.4490658,-0.36163244
-8.06867,-5.2933245,-5.7383957
-9.277749,-5.934004,-6.1180415
-6.577284,3.6302643,-0.23443066
-6.212998,4.5820127,0.766982
-12.113487,-4.797438,-4.776055
-1.7504048,7.062694,1.2349607
-7.5434375,-1.2880388,-3.0130396
1.7635989,7.0883827,-0.56035775
-11.381381,-3.3626063,-4.8743978
-9.875815,-5.5813932,-3.7238748
-6.0266356,-3.845792,-6.1713285
-3.8054082,1.5984306,-0.81360495
-2.1927617,6.9417844,1.1001815
5.6771483,6.1055675,11.221848
-9.225469,-4.162364,-3.2282753
-6.973019,1.9465362,-1.8953525
-6.7545357,3.7687137,-0.7201999
-5.4330387,5.151874,0.13780195
-10.173914,-5.678007,-5.9727073
-4.839712,6.095014,0.031012641
-11.605169,-3.0263588,-0.35727435
-7.4559827,4.257087,-1.0958546
-4.040728,5.209613,-1.2280321
-10.205286,-3.8894818,-4.5088167
-6.1757784,2.687736,-1.9892378
-7.392807,4.5118895,-1.2892418
-11.077151,-2.762572,-2.2731428
-2.1529284,7.0276375,1.1344482
-10.105175,3.4044619,-1.7676487
-8.459082,3.45314,0.22666562
-10.075402,-5.6591773,-5.9067025
-10.234622,-4.568151,-7.821874
-3.2310941,4.3824573,1.460866
-9.425711,3.0262592,-0.2789182
-8.932024,2.1117938,-0.41716045
-8.985343,0.07286124,-2.3586767
-6.5405626,-4.9307456,-6.4134927
-9.5362,2.9632792,1.400303
-8.584033,-0.51371264,-2.966981
-11.46892,-5.7387447,-5.4422655
-11.518398,-5.725729,-6.691645
-11.928942,-4.4698997,-2.4604363
-11.175824,-4.759026,-2.9389682
-11.873096,-2.2314806,2.072655
-9.341676,3.1792104,-0.08142832
-10.753653,-4.3126907,-6.7530313
-10.733954,-4.3321,-7.051846
-11.495363,-3.4298074,1.1510317
-4.3921175,6.3470807,0.21828954
-4.036284,6.438227,0.3976536
-6.252808,-1.900096,-20.056908
-7.5151563,-1.3252875,-3.0761783
-11.698901,-4.7001214,-2.5576499
-3.5772471,6.8531437,0.070089474
-6.6594954,2.941823,7.764669
-9.009616,-3.6446548,-4.3001056
-8.449936,-0.32698405,-2.6324995
-0.18678127,6.7588015,1.4158393
-3.9366503,6.6406507,-0.85727423
-8.912296,-0.22050323,-2.567953
-3.59877,4.461769,-1.0157585
-12.508292,-2.76548,7.164938
-11.443725,-5.176682,-6.375847
-8.289079,-1.1063709,-3.0892587
-9.430143,1.4010754,-0.84543
-7.7639403,-3.924124,-4.2456107
-8.406988,-4.7142644,-7.188591
-8.641081,-2.5603518,-5.1189113
-9.908376,-3.9859428,-2.701635
-7.79705,1.74684,-1.4835368
-11.990062,-3.1140177,-1.7089841
-9.793,-3.6467793,-3.9490037
-4.83767,6.338991,-0.17125544
-8.77946,0.7067078,-2.1279387
-5.031999,5.5488305,0.036142647
-11.374585,-3.4044588,0.40753883
-7.8014326,-2.8985949,-3.1977863
-5.391819,-4.438183,8.27912
-5.2900925,1.8678975,-1.2808456
8.221828,-1.2906826,6.8562303
-11.165805,-0.79796904,-0.68607706
-8.853849,-5.8892064,-5.916121
-8.512895,-3.7712312,-2.828693
-9.613038,-4.7071977,-7.9306216
-11.863142,-3.1989338,-2.0660546
-0.2694991,6.883938,-0.011456128
-10.994345,-3.4437492,-6.6653447
-6.5168214,-10.118353,-11.0018425
-9.648828,1.912048,-0.54106927
-3.6113653,3.253301,-0.15845472
-8.117735,4.4412665,0.10528118
-8.121133,-4.8571696,-5.5157547
-11.6167965,-2.738069,-0.6093136
-11.156808,-5.0351663,-5.575896
-5.9345884,-3.4358854,-3.0500803
-9.930081,1.829601,-0.9826549
-6.0594316,4.687597,-0.4300199
-9.187851,3.2858472,-0.54323596
-9.781555,-4.7979403,-8.183233
-12.174042,-5.057624,-4.025261
-12.0865755,-4.270934,-2.8832436
-10.913325,3.2477713,-1.3349513
-4.0651875,4.896361,-1.1085523
-7.1112027,-3.7291806,-5.1247277
-5.3856606,-4.148899,-5.970427
-9.12316,2.479221,-1.0738932
-9.87675,2.782945,-1.4295365
-5.866084,-3.0974545,-2.808076
-11.306609,-4.5393696,-2.458243
-7.2069426,0.17795654,7.7798715
-4.4733853,4.5122247,-1.2646797
-8.501158,-4.7767076,-4.1236477
-6.4853444,1.8934202,-1.3676484
-10.404812,-3.1100616,-5.053186
-8.347444,2.3185618,0.3234778
-9.125706,-4.472833,-5.8455696
-7.8206067,-4.0150685,-4.218064
-11.303262,-3.2368577,-4.7408032
-12.126249,-3.9521418,-1.2498828
-3.344903,5.976217,-0.011890622
-12.329697,-4.381711,-2.46056
-10.005812,-4.6319113,-6.128162
-11.531443,-2.7731693,-0.7097097
-5.16864,6.466791,-0.6116004
-10.296444,2.395282,-2.406007
-8.553752,-4.9137917,-6.527388
-11.264417,-4.6684155,-5.1259074
-10.948512,-4.9873605,-0.9623421
-10.9006605,-4.704715,-6.4287653
-7.1335373,-0.6315089,-2.6277916
-2.1255279,6.8123646,0.22190134
-12.060835,-4.081762,-2.932336
-6.439899,1.7800801,-1.2005987
-8.906304,3.2611628,0.22361252
-9.721074,3.1707351,-1.397475
-9.308108,1.9924579,-0.94499964
0.83160853,7.134274,1.817697
-6.872891,-0.238825,-2.3763206
-11.220253,-0.985035,-0.70346314
-10.136845,-4.1060424,-4.0660367
1.1182599,5.7609496,1.2128915
-10.662724,-5.4534864,-7.0614715
-9.739195,-2.2342474,-4.424021
0.19640367,5.017565,-0.6081454
-2.8134637,4.9188967,-0.6935411
-3.7859712,5.0824075,0.3354872
-5.677538,5.5180416,0.37437272
-3.8682852,-3.9976432,-6.1000657
-3.9744198,6.7421813,-1.111378
-4.801535,6.1325827,0.47023386
-6.170954,3.4850552,-0.33533275
-9.975927,-2.2893844,-4.666541
-11.693251,-2.9028983,1.7087816
-11.75711,-4.6547947,-4.2248063
-5.789064,5.4783754,-0.16407984
-6.778668,2.2536924,-0.74498653
-7.073672,3.3457592,7.812847
-10.244294,3.4393747,-1.7176129
-4.7308393,6.9541416,0.25116953
-10.523552,1.7037722,-0.052842386
-10.4270525,-4.502888,-7.285049
-11.612478,-3.2049334,-2.093153
-6.47467,4.443069,2.6418648
-3.8097694,6.468512,-0.515093
-9.6957855,-4.7773275,-8.538308
-4.243121,5.2108035,-0.8331288
-9.807736,2.7917893,-1.4548736
-7.252117,-4.5000415,-6.1753364
-11.433194,-4.0718255,-1.6753638
-6.409626,1.8352842,-0.74631846
-8.603255,-3.772663,-2.0406146
-11.949232,-3.8780625,-1.2871664
-11.898087,-2.542649,1.450292
-6.5872164,4.3106785,0.56737477
-7.356336,-1.0544735,-2.9087937
1.6666591,0.6748234,-0.21999106
-9.941384,2.321054,-1.0704681
-4.9601445,5.772111,0.48089492
-9.001453,2.9928188,-1.6280242
-6.772219,-4.626606,-6.0366197
-0.25994578,6.297377,-0.16091911
0.21076547,7.076642,-0.13469148
-7.296528,-4.511654,-6.692111
-11.045007,-3.623293,-0.5597473
-12.515403,-4.465411,-3.8054514
-10.264409,-3.3988357,-2.0465438
-4.679604,7.53507,0.9840737
-10.431015,3.5556927,-1.6255345
-10.286945,-4.866353,-4.0505004
-9.8742895,-4.2356515,-1.5394211
-3.3634574,5.840805,0.7655525
-5.8085628,2.811529,-1.2467344
-5.9131207,5.861998,-0.53259915
-9.800457,-4.167307,-3.0719426
-6.6637006,-1.1243854,-3.2932367
6.8926067,-12.709701,-4.883097
6.450711,-13.435931,-3.7146392
-4.5922766,-8.821082,-14.975035
-1.0824981,-6.1719227,-9.533545
7.138846,-12.18596,-4.026963
-2.786542,-11.148141,-6.6459355
0.43977723,-13.1407,-8.870977
2.86263,-13.035692,-2.9202626
3.2783961,-13.2770405,-2.6795938
3.469313,-11.372419,-8.527023
4.6902475,-14.194797,-2.8025591
1.3600686,-13.937683,-4.8433814
5.4274244,-13.459112,-5.548819
-3.0530136,-10.636409,-11.792469
0.015521533,-10.218036,-6.716678
1.7662939,-13.510424,-4.726647
0.8975227,-12.160602,-4.189693
-3.52199,-11.15469,-10.87062
7.5934153,-12.915274,-2.9157794
-2.0240974,-9.703006,-10.122574
6.290519,-10.605841,-2.3428304
-0.37159148,-5.1586723,-9.220251
1.7957246,-10.689404,-4.73272
-1.4239063,-10.333591,-7.0125017
-5.5437374,-10.678528,-12.806728
-1.7037274,-9.676972,-10.842165
-0.63497597,-10.097968,-9.001738
-1.5925202,-10.300685,-11.668761
1.3050954,-12.744793,-5.6949153
3.222731,-12.75912,-9.280617
-6.008846,-7.996005,-13.830737
-1.6066726,-8.871743,-10.103089
0.34108683,-10.540784,-8.916066
4.4578195,-14.114832,-7.345295
2.861568,-13.75146,-5.4739556
0.8537302,-12.321729,-4.9781694
-1.4559046,-13.627476,-9.84143
-4.1324673,-9.686431,-11.662989
-3.8565903,-11.725505,-8.758513
3.8428555,-13.996818,-8.318143
4.989441,-13.078581,-5.6751432
0.8090773,-11.748532,-6.9938993
-1.0301837,-13.049192,-7.8872995
-0.40497783,-14.183925,-8.225136
7.455133,-12.62206,-4.055864
-2.3303165,-11.561165,-10.448197
-2.496008,-9.611718,-8.076923
-2.0838983,-9.939067,-9.944648
-2.5576477,-8.795946,-11.924544
5.2822785,-11.70953,-2.687972
-0.26702896,-14.265962,-6.317566
3.73702,-14.299029,-3.6441278
-2.47615,-8.138997,-10.457699
-2.7772052,-11.783069,-7.0306554
-4.8126454,-9.700882,-14.502804
3.6053286,-13.772987,-8.495981
1.1619166,-11.052047,-9.386079
-0.38299948,-13.022288,-5.2307863
2.924905,-8.638614,-6.8616443
-5.003559,-7.479135,-13.304691
-1.1636536,-12.15886,-8.168958
0.43668783,-12.952555,-7.0157948
0.76244223,-11.847293,-5.8646708
3.2759776,-8.096184,-7.8610783
-1.2593881,-13.118948,-9.206992
-1.533661,-11.105973,-10.020733
2.6395373,-11.542753,-9.259263
-3.9760237,-10.644003,-9.388247
-0.1954042,-9.598838,-9.096856
3.279856,-14.080038,-8.418332
3.6732802,-13.656658,-8.471765
5.0522356,-13.326294,-1.907882
-1.2768474,-15.222911,-5.4552026
-1.2941732,-11.592089,-6.7774615
-5.0534377,-8.387946,-11.465805
6.566448,-13.414927,-2.9851158
1.6327589,-12.607371,-7.07596
-5.923968,-8.113299,-13.864601
6.2050242,-10.903122,-4.368369
5.752678,-13.9223995,-2.5722668
0.5597037,-8.688229,-7.3676314
-0.59528345,-6.0723257,-9.577916
3.351437,-12.634599,-2.2979488
4.650602,-13.60638,-6.0669255
-2.0888178,-11.767785,-12.261564
1.517428,-11.68614,-9.642438
3.3947823,-11.271027,-8.576298
-0.76017714,-10.568422,-7.6346054
7.9826035,-12.184546,-3.4735038
2.8875384,-14.140837,-4.861734
-1.2831016,-11.80904,-6.3632197
-1.0168061,-11.375229,-6.7020125
3.3432188,-12.735281,-8.68332
-5.807112,-8.024455,-15.389678
2.944553,-8.839947,-6.6690655
-0.6402601,-14.363718,-8.487404
0.17997816,-10.824186,-8.181647
2.5485072,-13.8664465,-4.5734024
-1.8270754,-9.267506,-9.953349
-2.517328,-12.19829,-7.155245
1.094395,-11.450909,-10.793208
3.078325,-12.130011,-9.616067
-6.468559,-8.53407,-15.096801
4.055825,-14.598274,-7.845329
-1.5692463,-9.723489,-8.210849
-1.5813922,-15.153505,-5.8041162
3.6554742,-13.962802,-6.1820445
-1.1138269,-12.617615,-9.652523
7.3970375,-13.357145,-2.3902812
2.944456,-9.203858,-4.9055257
-0.65248114,-3.747516,-11.805144
-2.4459388,-9.475826,-9.56109
4.404398,-13.579414,-5.824534
2.325308,-10.682206,-4.133565
-0.6108114,-10.6858015,-6.1606593
-1.9637876,-10.921549,-10.084377
7.596852,-12.901249,-2.741614
3.131989,-12.892507,-9.493216
-4.8896227,-9.733562,-14.488173
0.24401973,-14.825029,-7.9414134
-4.2809525,-7.7222347,-12.962927
7.8277965,-12.19809,-2.758476
-0.23085085,-12.275959,-9.226121
-1.7268851,-6.5115957,-15.99096
0.22427395,-12.668925,-11.350464
-0.7138391,-11.47277,-7.5693507
-0.50908273,-13.298657,-8.189024
5.2597694,-11.270896,-2.726837
6.0586014,-13.535397,-4.731403
8.429609,-13.691394,-3.1498399
2.886671,-12.75024,-9.851493
3.7146747,-12.138243,-2.384905
4.761981,-11.832559,-4.9602876
4.5905623,-14.371321,-3.9147568
-4.835692,-9.650946,-12.670879
-3.0926054,-11.5840435,-8.353
2.682009,-13.787113,-4.2066097
-2.8947303,-8.455007,-10.70438
-1.3415421,-11.500324,-6.4200597
-1.7511755,-9.245068,-11.279935
7.8817844,-12.470184,-2.6347766
-1.1264975,-12.948526,-8.71928
-1.725222,-10.859878,-10.036706
5.553446,-13.801244,-2.7227511
-3.6199744,-9.205361,-11.217175
2.3383763,-13.4455185,-5.494691
4.395856,-12.333188,-2.394308
6.5363154,-13.456074,-3.6034472
-0.5457051,-13.400382,-8.425054
0.9510307,-11.141221,-5.220809
5.4143066,-12.889504,-4.987867
4.392397,-12.361322,-2.408035
1.8656883,-13.57773,-4.4562383
-3.6458232,-4.009091,-6.2888556
-1.1765676,-9.382888,-10.577532
5.4950166,-13.388028,-5.14541
7.1786127,-12.565782,-1.7542088
4.2389183,-14.436276,-7.5059004
0.626141,-14.965042,-7.7677097
-1.2630426,-10.051931,-9.730108
3.6223245,-13.422662,-8.294816
0.8719764,-13.285113,-5.7228017
-0.20525132,-13.942005,-7.041248
0.9189191,-10.483511,-7.200906
-1.692453,-10.403583,-11.726565
3.4371371,-13.371454,-2.6022718
1.0236983,-12.124798,-4.0361924
-1.2682643,-9.981465,-10.196343
-0.80900145,-11.106046,-7.38817
1.6618569,-13.9927,-3.442238
-5.7968745,-7.9024262,-11.646126
6.6315017,-10.578989,-2.9657078
-4.1241856,-11.634335,-10.97822
0.83927613,-13.114011,-5.4897666
-0.815998,-13.104619,-8.611385
4.629242,-13.741882,-7.8294897
7.8785315,-11.705173,-3.199769
1.2537733,-13.315413,-5.299135
-1.0882767,-3.5737317,-12.127759
-5.907208,-6.679824,-11.998923
-0.9841143,-13.880954,-8.06456
-5.008534,-10.619429,-11.099676
3.9078417,-14.713484,-3.2308612
-6.2299685,-12.205708,-11.696996
-2.8211052,-9.007041,-11.833754
-0.36248595,-11.313058,-5.4193316
-0.9284801,-12.510278,-6.367527
-2.0336797,-12.175542,-9.094543
1.8917828,-11.878992,-6.0903034
6.1444893,-13.706046,-2.4663765
-2.0875022,-12.147626,-8.172606
-1.5355488,-15.271512,-5.7142653
0.34393996,-11.972575,-12.195186
-5.704016,-6.6924763,-11.989019
-1.4262508,-10.268242,-8.858743
3.4291239,-13.268818,-3.7419348
3.209946,-8.060466,-7.038364
0.3225083,-13.047585,-11.33899
7.5904827,-12.055066,-2.3565078
6.344993,-13.529704,-4.454109
2.341766,-14.187974,-8.877841
-5.0999627,-7.48336,-11.719805
7.217212,-12.576127,-3.7520604
6.3371415,-11.265679,-3.2211301
-4.930166,-10.080493,-12.470331
0.7239854,-13.049348,-8.746873
2.9517643,-14.164439,-4.4971795
8.12759,-10.111765,-2.4432828
3.8734148,-13.633833,-3.087518
6.606145,-11.272297,-3.1505637
4.6650343,-15.152029,-3.5728354
2.9016778,-12.53635,-5.6853247
5.918906,-11.456411,-3.117313
7.6138577,-10.856294,-2.8236732
1.1402044,-14.392386,-5.0876865
4.1618133,-13.737242,-5.8571544
-5.741101,-10.026535,-12.321155
-0.89719087,-12.667739,-10.248544
0.9916903,-11.360568,-10.4424
2.9771063,-12.850358,-5.477345
2.5151308,-13.725741,-4.1823907
1.9041098,-13.17622,-3.600384
7.873813,-11.347259,-2.496476
4.0938683,-13.996446,-3.0199513
0.23398699,-13.4635515,-9.931841
-1.6229807,-10.712853,-10.366979
2.9879043,-12.628899,-9.751559
-0.010969058,-10.019249,-6.365148
8.0524435,-12.179873,-3.9794211
1.6648456,-14.901271,-6.4937787
7.8954167,-12.075817,-4.022559
-0.4723599,-5.6705713,-9.372144
-0.06200005,-5.0576973,-10.261
0.9993387,-12.306567,-6.16506
6.677602,-12.943227,-2.0693803
0.24406826,-10.736208,-9.33934
-5.215919,-7.1620593,-11.926933
-1.5941362,-7.4615493,-15.834659
-4.334489,-9.420885,-11.7771635
-1.6065121,-9.2631445,-8.175619
2.7400384,-14.351222,-8.584896
-1.8194427,-8.699768,-10.240937
3.756387,-13.245671,-5.506525
-0.76200736,-11.266559,-5.588125
0.4983184,-14.9303255,-7.892136
-2.2546358,-9.399447,-11.198899
2.8155985,-13.585048,-5.626387
-3.4787667,-9.105163,-12.251906
-3.473524,-8.083833,-11.547931
6.3469195,-11.516933,-3.5920568
0.91588134,-12.213749,-4.0642214
7.593958,-13.245202,-2.6636634
2.8357697,-13.107911,-3.077641
-3.3632357,-11.356301,-10.791129
-0.370445,-14.018466,-5.997901
0.09713193,-14.156161,-6.446278
-0.75493455,-12.591422,-10.053457
0.7473326,-10.84035,-6.721542
2.7653637,-14.041592,-3.7029092
2.9827886,-9.433938,-4.703814
1.6042615,-12.6788025,-3.9416595
-0.8399473,-12.54559,-10.725939
2.9953885,-12.057047,-9.512406
6.7889237,-11.742512,-3.2143304
7.7889857,-13.385197,-2.6587663
6.7054224,-13.247893,-4.841441
5.9486556,-14.023406,-6.899281
-0.51842517,-12.8802395,-5.7606115
-1.8702066,-10.775138,-9.6376505
3.070284,-8.957512,-5.1114087
-0.8832271,-12.813004,-6.0308924
-2.2818186,-11.971951,-12.349028
4.1120267,-13.505548,-2.737581
4.5458307,-12.661364,-5.4002433
1.2692875,-14.480402,-5.2771544
-3.8032203,-9.33063,-11.356984
6.959391,-12.373925,-2.629771
7.612011,-12.387983,-1.9054751
2.829931,-10.16639,-4.246186
-1.5531442,-15.321556,-5.6460834
1.1347847,-12.125264,-6.1396146
-0.31558046,-5.3686867,-9.682498
-0.43735945,-13.786737,-8.745459
0.025604872,-9.98942,-7.011524
-0.99638397,-11.499035,-6.2929797
-2.1298409,-11.531098,-8.300793
1.9531162,-13.930741,-9.142454
-1.2705153,-6.223412,-9.511837
-1.6248338,-11.7756405,-6.7711062
5.258183,-13.908686,-5.519678
-0.46206576,-14.209816,-8.705885
5.510294,-13.52315,-6.779435
-1.7175202,-13.549406,-9.5283375
-4.0081244,-13.6077585,-9.84882
-1.8529136,-9.383395,-11.274167
5.877534,-14.067533,-6.943848
5.144923,-12.956686,-6.108241
7.047411,-13.89444,-3.3675425
1.4780508,-14.047857,-3.3990018
1.312826,-14.093431,-3.328349
